0,0,0,0,0,0,0,0,0,0,0,0,0,0,0,0,0,0,0,0,0,0,0,0,0,0,0,0,0,0,0,0,0,0,0,0,
0,0,0,0,0,0,0,0,0,0,0,0,0,0,0,0,0,0,0,0,0,0,0,0,0,0,0,0,0,0,0,0,0,0,0,0,
0,0,0,0,0,0,0,0,0,0,0,0,0,0,0,0,0,0,0,0,0,0,0,0,0,0,0,0,0,0,0,0,0,0,0,0,
4095,4095,4095,0,0,0,0,0,0,0,0,0,0,0,0,0,0,0,0,0,0,0,0,0,0,0,0,0,0,0,0,0,0,0,0,0,
3822,3822,3822,4095,4095,4095,0,0,0,0,0,0,0,0,0,0,0,0,0,0,0,0,0,0,0,0,0,0,0,0,0,0,0,0,0,0,
3549,3549,3549,3822,3822,3822,4095,4095,0,0,0,0,0,0,0,0,0,0,0,0,0,0,0,0,0,0,0,0,0,0,0,0,0,0,0,0,
3276,3276,3276,3549,3549,3549,3822,3822,4095,4095,4095,0,0,0,0,0,0,0,0,0,0,0,0,0,0,0,0,0,0,0,0,0,0,0,0,0,
3003,3003,3003,3276,3276,3276,3549,3549,3822,3822,3822,4095,4095,4095,0,0,0,0,0,0,0,0,0,0,0,0,0,0,0,0,0,0,0,0,0,0,
2730,2730,2730,3003,3003,3003,3276,3276,3549,3549,3549,3822,3822,3822,4095,4095,4095,4095,0,0,0,0,0,0,0,0,0,0,0,0,0,0,0,0,0,0,
2457,2457,2457,2730,2730,2730,3003,3003,3276,3276,3276,3549,3549,3549,3822,3822,3822,3822,4095,4095,0,0,0,0,0,0,0,0,0,0,0,0,0,0,0,0,
2184,2184,2184,2457,2457,2457,2730,2730,3003,3003,3003,3276,3276,3276,3549,3549,3549,3549,3822,3822,0,0,0,0,0,0,0,0,0,0,0,0,0,0,0,0,
1911,1911,1911,2184,2184,2184,2457,2457,2730,2730,2730,3003,3003,3003,3276,3276,3276,3276,3549,3549,0,0,0,0,0,0,0,0,0,0,0,0,0,0,0,0,
1638,1638,1638,1911,1911,1911,2184,2184,2457,2457,2457,2730,2730,2730,3003,3003,3003,3003,3276,3276,0,0,0,0,0,0,0,0,0,0,0,0,0,0,0,0,
1365,1365,1365,1638,1638,1638,1911,1911,2184,2184,2184,2457,2457,2457,2730,2730,2730,2730,3003,3003,0,0,0,0,0,0,0,0,0,0,0,0,0,0,0,0,
1092,1092,1092,1365,1365,1365,1638,1638,1911,1911,1911,2184,2184,2184,2457,2457,2457,2457,2730,2730,0,0,0,0,0,0,0,0,0,0,0,0,0,0,0,0,
819,819,819,1092,1092,1092,1365,1365,1638,1638,1638,1911,1911,1911,2184,2184,2184,2184,2457,2457,0,0,0,0,0,0,0,0,0,0,0,0,0,0,0,0,
546,546,546,819,819,819,1092,1092,1365,1365,1365,1638,1638,1638,1911,1911,1911,1911,2184,2184,0,0,0,0,0,0,0,0,0,0,0,0,0,0,0,0,
273,273,273,546,546,546,819,819,1092,1092,1092,1365,1365,1365,1638,1638,1638,1638,1911,1911,0,0,0,0,0,0,0,0,0,0,0,0,0,0,0,0,
0,0,0,273,273,273,546,546,819,819,819,1092,1092,1092,1365,1365,1365,1365,1638,1638,0,0,0,0,0,0,0,0,0,0,0,0,0,0,0,0,
0,0,0,0,0,0,273,273,546,546,546,819,819,819,1092,1092,1092,1092,1365,1365,0,0,0,0,0,0,0,0,0,0,0,0,0,0,0,0,
0,0,0,0,0,0,0,0,273,273,273,546,546,546,819,819,819,819,1092,1092,0,0,0,0,0,0,0,0,0,0,0,0,0,0,0,0,
0,0,0,0,0,0,0,0,0,0,0,273,273,273,546,546,546,546,819,819,0,0,0,0,0,0,0,0,0,0,0,0,0,0,0,0,
0,0,0,0,0,0,0,0,0,0,0,0,0,0,273,273,273,273,546,546,0,0,0,0,0,0,0,0,0,0,0,0,0,0,0,0,
0,0,0,0,0,0,0,0,0,0,0,0,0,0,0,0,0,0,273,273,0,0,0,0,0,0,0,0,0,0,0,0,0,0,0,0,
0,0,0,0,0,0,0,0,0,0,0,0,0,0,0,0,0,0,0,0,0,0,0,0,0,0,0,0,0,0,0,0,0,0,0,0,
0,0,0,0,0,0,0,0,0,0,0,0,0,0,0,0,0,0,0,0,0,0,0,0,0,0,0,0,0,0,0,0,0,0,0,0,
0,0,0,0,0,0,0,0,0,0,0,0,0,0,0,0,0,0,0,0,0,0,0,0,0,0,0,0,0,0,0,0,0,0,0,0,
0,0,0,0,0,0,0,0,0,0,0,0,0,0,0,0,0,0,0,0,0,0,0,0,0,0,0,0,0,0,0,0,0,0,0,0,
0,0,0,0,0,0,0,0,0,0,0,0,0,0,0,0,0,0,0,0,0,0,0,0,0,0,0,0,0,0,0,0,0,0,0,0,
0,0,0,0,0,0,0,0,0,0,0,0,0,0,0,0,0,0,0,0,0,0,0,0,0,0,0,0,0,0,0,0,0,0,0,0,
0,0,0,0,0,0,0,0,0,0,0,0,0,0,0,0,0,0,0,0,0,0,0,0,0,0,0,0,0,0,0,0,0,0,0,0,
0,0,0,0,0,0,0,0,0,0,0,0,0,0,0,0,0,0,0,0,0,0,0,0,0,0,0,0,0,0,0,0,0,0,0,0,
0,0,0,0,0,0,0,0,0,0,0,0,0,0,0,0,0,0,0,0,0,0,0,0,0,0,0,0,0,0,0,0,0,0,0,0,
0,0,0,0,0,0,0,0,0,0,0,0,0,0,0,0,0,0,0,0,0,0,0,0,0,0,0,0,0,0,0,0,0,0,0,0,
0,0,0,0,0,0,0,0,0,0,0,0,0,0,0,0,0,0,0,0,0,0,0,0,0,0,0,0,0,0,0,4095,4095,4095,4095,4095,
0,0,0,0,0,0,0,0,0,0,0,0,0,0,0,0,0,0,0,0,0,0,0,0,0,0,0,0,0,0,0,3822,3822,3822,3822,3822,
0,0,0,0,0,0,0,0,0,0,0,0,0,0,0,0,0,0,0,0,0,0,0,0,0,0,0,0,0,0,0,3549,3549,3549,3549,3549,
0,0,0,0,0,0,0,0,0,0,0,0,0,0,0,0,0,0,0,0,0,0,0,0,0,0,0,0,0,0,0,3276,3276,3276,3276,3276,
0,0,0,0,0,0,0,0,0,0,0,0,0,0,0,0,0,0,0,0,0,0,0,0,0,0,0,0,0,0,0,3003,3003,3003,3003,3003,
0,0,0,0,0,0,0,0,0,0,0,0,0,0,0,0,0,0,0,0,0,0,0,0,0,0,0,0,0,0,0,2730,2730,2730,2730,2730,
0,0,0,0,0,0,0,0,0,0,0,0,0,0,0,0,0,0,0,0,0,0,0,0,0,0,0,0,0,0,0,2457,2457,2457,2457,2457,
0,0,0,0,0,0,0,0,0,0,0,0,0,0,0,0,0,0,0,0,0,0,0,0,0,0,0,0,0,0,0,2184,2184,2184,2184,2184,
0,0,0,0,0,0,0,0,0,0,0,0,0,0,0,0,0,0,0,0,0,0,0,0,0,0,0,0,0,0,0,1911,1911,1911,1911,1911,
0,0,0,0,0,0,0,0,0,0,0,0,0,0,0,0,0,0,0,0,0,0,0,0,0,0,0,0,0,0,0,1638,1638,1638,1638,1638,
0,0,0,0,0,0,0,0,0,0,0,0,0,0,0,0,0,0,0,0,0,0,0,0,0,0,0,0,0,0,0,1365,1365,1365,1365,1365,
0,0,0,0,0,0,0,0,0,0,0,0,0,0,0,0,0,0,0,0,0,0,0,0,0,0,0,0,0,0,0,1092,1092,1092,1092,1092,
0,0,0,0,0,0,0,0,0,0,0,0,0,0,0,0,0,0,0,0,0,0,0,0,0,0,0,0,0,0,0,819,819,819,819,819,
0,0,0,0,0,0,0,0,0,0,0,0,0,0,0,0,0,0,0,0,0,0,0,0,0,0,0,0,0,0,0,546,546,546,546,546,
0,0,0,0,0,0,0,0,0,0,0,0,0,0,0,0,0,0,0,0,0,0,0,0,0,0,0,0,0,0,0,273,273,273,273,273,
0,0,0,0,0,0,0,0,0,0,0,0,0,0,0,0,0,0,0,0,0,0,0,0,0,0,0,0,0,0,0,0,0,0,0,0,
0,0,0,0,0,0,0,0,0,0,0,0,0,0,0,0,0,0,0,0,0,0,0,0,0,0,0,0,0,0,0,0,0,0,0,0,
0,0,0,0,0,0,0,0,0,0,0,0,0,0,0,0,0,0,0,0,0,0,0,0,0,0,0,0,0,0,0,0,0,0,0,0,
0,0,0,0,0,0,0,0,0,0,0,0,0,0,0,0,0,0,0,0,0,0,0,0,0,0,0,0,0,0,0,0,0,0,0,0,
0,0,0,0,0,0,0,0,0,0,0,0,0,0,0,0,0,0,0,0,0,0,0,0,0,0,0,0,0,0,0,0,0,0,0,0,
0,0,0,0,0,0,0,0,0,0,0,0,0,0,0,0,0,0,0,0,0,0,0,0,0,0,0,0,0,0,0,0,0,0,0,0,
0,0,0,0,0,0,0,0,0,0,0,0,0,0,0,0,0,0,0,0,0,0,0,0,0,0,0,0,0,0,0,0,0,0,0,0,
0,0,0,0,0,0,0,0,0,0,0,0,0,0,0,0,0,0,0,0,0,0,0,0,0,0,0,0,0,0,0,0,0,0,0,0,
0,0,0,0,0,0,0,0,0,0,0,0,0,0,0,0,0,0,0,0,0,0,0,0,0,0,0,0,0,0,0,0,0,0,0,0,
0,0,0,0,0,0,0,0,0,0,0,0,0,0,0,0,0,0,0,0,0,0,0,0,0,0,0,0,0,0,0,0,0,0,0,0,
0,0,0,0,0,0,0,0,0,0,0,0,0,0,0,0,0,0,0,0,0,0,0,0,0,0,0,0,0,0,0,0,0,0,0,0,
0,0,0,0,0,0,0,0,0,0,0,0,0,0,0,0,0,0,0,0,0,0,0,0,0,0,0,0,0,0,0,0,0,0,0,0,
0,0,0,0,0,0,0,0,0,0,0,0,0,0,0,0,0,0,0,0,0,0,0,0,0,0,0,0,0,0,0,0,0,0,0,0,
0,0,0,0,0,0,0,0,0,0,0,0,0,0,0,0,0,0,0,0,0,0,0,0,0,0,0,0,0,0,0,0,0,0,0,0,
0,0,0,0,0,0,0,0,0,0,0,0,0,0,0,0,0,0,0,0,0,0,0,0,0,0,0,0,0,0,0,0,0,0,0,0,
0,0,0,0,0,0,0,0,0,0,0,0,0,0,0,0,0,0,0,0,0,0,0,0,0,0,0,0,0,0,0,0,0,0,0,0,
0,0,0,0,0,0,0,0,0,0,0,0,0,0,0,0,0,0,0,0,0,0,0,0,0,0,0,0,0,0,0,0,0,0,0,0,
4095,4095,4095,4095,0,0,0,0,0,0,0,0,0,0,0,0,0,0,0,0,0,0,0,0,0,0,0,0,0,0,0,0,0,0,0,0,
3822,3822,3822,3822,4095,4095,0,0,0,0,0,0,0,0,0,0,0,0,0,0,0,0,0,0,0,0,0,0,0,0,0,0,0,0,0,0,
3549,3549,3549,3549,3822,3822,4095,4095,4095,0,0,0,0,0,0,0,0,0,0,0,0,0,0,0,0,0,0,0,0,0,0,0,0,0,0,0,
3276,3276,3276,3276,3549,3549,3822,3822,3822,4095,4095,4095,0,0,0,0,0,0,0,0,0,0,0,0,0,0,0,0,0,0,0,0,0,0,0,0,
3003,3003,3003,3003,3276,3276,3549,3549,3549,3822,3822,3822,4095,4095,4095,0,0,0,0,0,0,0,0,0,0,0,0,0,0,0,0,0,0,0,0,0,
2730,2730,2730,2730,3003,3003,3276,3276,3276,3549,3549,3549,3822,3822,3822,4095,4095,4095,4095,0,0,0,0,0,0,0,0,0,0,0,0,0,0,0,0,0,
2457,2457,2457,2457,2730,2730,3003,3003,3003,3276,3276,3276,3549,3549,3549,3822,3822,3822,3822,4095,0,0,0,0,0,0,0,0,0,0,0,0,0,0,0,0,
2184,2184,2184,2184,2457,2457,2730,2730,2730,3003,3003,3003,3276,3276,3276,3549,3549,3549,3549,3822,0,0,0,0,0,0,0,0,0,0,0,0,0,0,0,0,
1911,1911,1911,1911,2184,2184,2457,2457,2457,2730,2730,2730,3003,3003,3003,3276,3276,3276,3276,3549,0,0,0,0,0,0,0,0,0,0,0,0,0,0,0,0,
1638,1638,1638,1638,1911,1911,2184,2184,2184,2457,2457,2457,2730,2730,2730,3003,3003,3003,3003,3276,0,0,0,0,0,0,0,0,0,0,0,0,0,0,0,0,
1365,1365,1365,1365,1638,1638,1911,1911,1911,2184,2184,2184,2457,2457,2457,2730,2730,2730,2730,3003,0,0,0,0,0,0,0,0,0,0,0,0,0,0,0,0,
1092,1092,1092,1092,1365,1365,1638,1638,1638,1911,1911,1911,2184,2184,2184,2457,2457,2457,2457,2730,0,0,0,0,0,0,0,0,0,0,0,0,0,0,0,0,
819,819,819,819,1092,1092,1365,1365,1365,1638,1638,1638,1911,1911,1911,2184,2184,2184,2184,2457,0,0,0,0,0,0,0,0,0,0,0,0,0,0,0,0,
546,546,546,546,819,819,1092,1092,1092,1365,1365,1365,1638,1638,1638,1911,1911,1911,1911,2184,0,0,0,0,0,0,0,0,0,0,0,0,0,0,0,0,
273,273,273,273,546,546,819,819,819,1092,1092,1092,1365,1365,1365,1638,1638,1638,1638,1911,0,0,0,0,0,0,0,0,0,0,0,0,0,0,0,0,
0,0,0,0,273,273,546,546,546,819,819,819,1092,1092,1092,1365,1365,1365,1365,1638,0,0,0,0,0,0,0,0,0,0,0,0,0,0,0,0,
0,0,0,0,0,0,273,273,273,546,546,546,819,819,819,1092,1092,1092,1092,1365,0,0,0,0,0,0,0,0,0,0,0,0,0,0,0,0,
0,0,0,0,0,0,0,0,0,273,273,273,546,546,546,819,819,819,819,1092,0,0,0,0,0,0,0,0,0,0,0,0,0,0,0,0,
0,0,0,0,0,0,0,0,0,0,0,0,273,273,273,546,546,546,546,819,0,0,0,0,0,0,0,0,0,0,0,0,0,0,0,0,
0,0,0,0,0,0,0,0,0,0,0,0,0,0,0,273,273,273,273,546,0,0,0,0,0,0,0,0,0,0,0,0,0,0,0,0,
0,0,0,0,0,0,0,0,0,0,0,0,0,0,0,0,0,0,0,273,0,0,0,0,0,0,0,0,0,0,0,0,0,0,0,0,
0,0,0,0,0,0,0,0,0,0,0,0,0,0,0,0,0,0,0,0,0,0,0,0,0,0,0,0,0,0,0,0,0,0,0,0,
0,0,0,0,0,0,0,0,0,0,0,0,0,0,0,0,0,0,0,0,0,0,0,0,0,0,0,0,0,0,0,0,0,0,0,0,
0,0,0,0,0,0,0,0,0,0,0,0,0,0,0,0,0,0,0,0,0,0,0,0,0,0,0,0,0,0,0,0,0,0,0,0,
0,0,0,0,0,0,0,0,0,0,0,0,0,0,0,0,0,0,0,0,0,0,0,0,0,0,0,0,0,0,0,0,0,0,0,0,
0,0,0,0,0,0,0,0,0,0,0,0,0,0,0,0,0,0,0,0,0,0,0,0,0,0,0,0,0,0,0,0,0,0,0,0,
0,0,0,0,0,0,0,0,0,0,0,0,0,0,0,0,0,0,0,0,0,0,0,0,0,0,0,0,0,0,0,0,0,0,0,0,
0,0,0,0,0,0,0,0,0,0,0,0,0,0,0,0,0,0,0,0,0,0,0,0,0,0,0,0,0,0,0,0,0,0,0,0,
0,0,0,0,0,0,0,0,0,0,0,0,0,0,0,0,0,0,0,0,0,0,0,0,0,0,0,0,0,0,0,0,0,0,0,0,
0,0,0,0,0,0,0,0,0,0,0,0,0,0,0,0,0,0,0,0,0,0,0,0,0,0,0,0,0,0,0,0,0,0,0,0,
0,0,0,0,0,0,0,0,0,0,0,0,0,0,0,0,0,0,0,0,0,0,0,0,0,0,0,0,0,0,0,0,0,0,0,0,
0,0,0,0,0,0,0,0,0,0,0,0,0,0,0,0,0,0,0,0,0,0,0,0,0,0,0,0,0,0,0,0,0,0,0,0,
4095,4095,4095,4095,4095,4095,4095,4095,4095,4095,4095,4095,4095,4095,4095,4095,4095,4095,4095,4095,4095,4095,4095,4095,4095,4095,4095,4095,4095,4095,4095,4095,4095,4095,4095,4095,
3868,3868,3868,3868,3868,3868,3868,3868,3868,3868,3868,3868,3868,3868,3868,3868,3868,3868,3868,3868,3868,3868,3868,3868,3868,3868,3868,3868,3868,3868,3868,3868,3868,3868,3868,3868,
3640,3640,3640,3640,3640,3640,3640,3640,3640,3640,3640,3640,3640,3640,3640,3640,3640,3640,3640,3640,3640,3640,3640,3640,3640,3640,3640,3640,3640,3640,3640,3640,3640,3640,3640,3640,
3413,3413,3413,3413,3413,3413,3413,3413,3413,3413,3413,3413,3413,3413,3413,3413,3413,3413,3413,3413,3413,3413,3413,3413,3413,3413,3413,3413,3413,3413,3413,3413,3413,3413,3413,3413,
3185,3185,3185,3185,3185,3185,3185,3185,3185,3185,3185,3185,3185,3185,3185,3185,3185,3185,3185,3185,3185,3185,3185,3185,3185,3185,3185,3185,3185,3185,3185,3185,3185,3185,3185,3185,
2958,2958,2958,2958,2958,2958,2958,2958,2958,2958,2958,2958,2958,2958,2958,2958,2958,2958,2958,2958,2958,2958,2958,2958,2958,2958,2958,2958,2958,2958,2958,2958,2958,2958,2958,2958,
2730,2730,2730,2730,2730,2730,2730,2730,2730,2730,2730,2730,2730,2730,2730,2730,2730,2730,2730,2730,2730,2730,2730,2730,2730,2730,2730,2730,2730,2730,2730,2730,2730,2730,2730,2730,
2503,2503,2503,2503,2503,2503,2503,2503,2503,2503,2503,2503,2503,2503,2503,2503,2503,2503,2503,2503,2503,2503,2503,2503,2503,2503,2503,2503,2503,2503,2503,2503,2503,2503,2503,2503,
2275,2275,2275,2275,2275,2275,2275,2275,2275,2275,2275,2275,2275,2275,2275,2275,2275,2275,2275,2275,2275,2275,2275,2275,2275,2275,2275,2275,2275,2275,2275,2275,2275,2275,2275,2275,
2048,2048,2048,2048,2048,2048,2048,2048,2048,2048,2048,2048,2048,2048,2048,2048,2048,2048,2048,2048,2048,2048,2048,2048,2048,2048,2048,2048,2048,2048,2048,2048,2048,2048,2048,2048,
1820,1820,1820,1820,1820,1820,1820,1820,1820,1820,1820,1820,1820,1820,1820,1820,1820,1820,1820,1820,1820,1820,1820,1820,1820,1820,1820,1820,1820,1820,1820,1820,1820,1820,1820,1820,
1593,1593,1593,1593,1593,1593,1593,1593,1593,1593,1593,1593,1593,1593,1593,1593,1593,1593,1593,1593,1593,1593,1593,1593,1593,1593,1593,1593,1593,1593,1593,1593,1593,1593,1593,1593,
1365,1365,1365,1365,1365,1365,1365,1365,1365,1365,1365,1365,1365,1365,1365,1365,1365,1365,1365,1365,1365,1365,1365,1365,1365,1365,1365,1365,1365,1365,1365,1365,1365,1365,1365,1365,
1138,1138,1138,1138,1138,1138,1138,1138,1138,1138,1138,1138,1138,1138,1138,1138,1138,1138,1138,1138,1138,1138,1138,1138,1138,1138,1138,1138,1138,1138,1138,1138,1138,1138,1138,1138,
910,910,910,910,910,910,910,910,910,910,910,910,910,910,910,910,910,910,910,910,910,910,910,910,910,910,910,910,910,910,910,910,910,910,910,910,
683,683,683,683,683,683,683,683,683,683,683,683,683,683,683,683,683,683,683,683,683,683,683,683,683,683,683,683,683,683,683,683,683,683,683,683,
455,455,455,455,455,455,455,455,455,455,455,455,455,455,455,455,455,455,455,455,455,455,455,455,455,455,455,455,455,455,455,455,455,455,455,455,
228,228,228,228,228,228,228,228,228,228,228,228,228,228,228,228,228,228,228,228,228,228,228,228,228,228,228,228,228,228,228,228,228,228,228,228,
0,0,0,0,0,0,0,0,0,0,0,0,0,0,0,0,0,0,0,0,0,0,0,0,0,0,0,0,0,0,0,0,0,0,0,0,
0,0,0,0,0,0,0,0,0,0,0,0,0,0,0,0,0,0,0,0,0,0,0,0,0,0,0,0,0,0,0,0,0,0,0,0,
0,0,0,0,0,0,0,0,0,0,0,0,0,0,0,0,0,0,0,0,0,0,0,0,0,0,0,0,0,0,0,0,0,0,0,0,
0,0,0,0,0,0,0,0,0,0,0,0,0,0,0,0,0,0,0,0,0,0,0,0,0,0,0,0,0,0,0,0,0,0,0,0,
0,0,0,0,0,0,0,0,0,0,0,0,0,0,0,0,0,0,0,0,0,0,0,0,0,0,0,0,0,0,0,0,0,0,0,0,
0,0,0,0,0,0,0,0,0,0,0,0,0,0,0,0,0,0,0,0,0,0,0,0,0,0,0,0,0,0,0,0,0,0,0,0,
0,0,0,0,0,0,0,0,0,0,0,0,0,0,0,0,0,0,0,0,0,0,0,0,0,0,0,0,0,0,0,0,0,0,0,0,
0,0,0,0,0,0,0,0,0,0,0,0,0,0,0,0,0,0,0,0,0,0,0,0,0,0,0,0,0,0,0,0,0,0,0,0,
0,0,0,0,0,0,0,0,0,0,0,0,0,0,0,0,0,0,0,0,0,0,0,0,0,0,0,0,0,0,0,0,0,0,0,0,
0,0,0,0,0,0,0,0,0,0,0,0,0,0,0,0,0,0,0,0,0,0,0,0,0,0,0,0,0,0,0,0,0,0,0,0,
0,0,0,0,0,0,0,0,0,0,0,0,0,0,0,0,0,0,0,0,0,0,0,0,0,0,0,0,0,0,0,0,0,0,0,0,
0,0,0,0,0,0,0,0,0,0,0,0,0,0,0,0,0,0,0,0,0,0,0,0,0,0,0,0,0,0,0,0,0,0,0,0,
0,0,0,0,0,0,0,0,0,0,0,0,0,0,0,0,0,0,0,0,0,0,0,0,0,0,0,0,0,0,0,0,0,0,0,0,
0,0,0,0,0,0,0,0,0,0,0,0,0,0,0,0,0,0,0,0,0,0,0,0,0,0,0,0,0,0,0,0,0,0,0,0,
0,0,0,0,0,0,0,0,0,0,0,0,0,0,0,0,0,0,0,0,0,0,0,0,0,0,0,0,0,0,0,0,0,0,0,0,
0,0,0,0,0,0,0,0,0,0,0,0,0,0,0,0,0,0,0,0,0,0,0,0,0,4095,4095,4095,4095,4095,4095,0,0,0,0,0,
4095,4095,4095,0,0,0,0,0,0,0,0,0,0,0,0,0,0,0,0,0,0,0,0,0,0,4095,4095,4095,4095,4095,4095,0,0,0,0,0,
3822,3822,3822,4095,4095,4095,0,0,0,0,0,0,0,0,0,0,0,0,0,0,0,0,0,0,0,4095,4095,4095,4095,4095,4095,0,0,0,0,0,
3549,3549,3549,3822,3822,3822,4095,4095,0,0,0,0,0,0,0,0,0,0,0,0,0,0,0,0,0,4095,4095,4095,4095,4095,4095,0,0,0,0,0,
3276,3276,3276,3549,3549,3549,3822,3822,4095,4095,4095,0,0,0,0,0,0,0,0,0,0,0,0,0,0,4095,4095,4095,4095,4095,4095,0,0,0,0,0,
3003,3003,3003,3276,3276,3276,3549,3549,3822,3822,3822,4095,4095,4095,0,0,0,0,0,0,0,0,0,0,0,4095,4095,4095,4095,4095,4095,0,0,0,0,0,
2730,2730,2730,3003,3003,3003,3276,3276,3549,3549,3549,3822,3822,3822,4095,4095,4095,4095,0,0,0,0,0,0,0,4095,4095,4095,4095,4095,4095,0,0,0,0,0,
2457,2457,2457,2730,2730,2730,3003,3003,3276,3276,3276,3549,3549,3549,3822,3822,3822,3822,4095,4095,0,0,0,0,0,4095,4095,4095,4095,4095,4095,0,0,0,0,0,
2184,2184,2184,2457,2457,2457,2730,2730,3003,3003,3003,3276,3276,3276,3549,3549,3549,3549,3822,3822,0,0,0,0,0,4095,4095,4095,4095,4095,4095,0,0,0,0,0,
1911,1911,1911,2184,2184,2184,2457,2457,2730,2730,2730,3003,3003,3003,3276,3276,3276,3276,3549,3549,0,0,0,0,0,4095,4095,4095,4095,4095,4095,0,0,0,0,0,
1638,1638,1638,1911,1911,1911,2184,2184,2457,2457,2457,2730,2730,2730,3003,3003,3003,3003,3276,3276,0,0,0,0,0,4095,4095,4095,4095,4095,4095,0,0,0,0,0,
1365,1365,1365,1638,1638,1638,1911,1911,2184,2184,2184,2457,2457,2457,2730,2730,2730,2730,3003,3003,0,0,0,0,0,4095,4095,4095,4095,4095,4095,0,0,0,0,0,
1092,1092,1092,1365,1365,1365,1638,1638,1911,1911,1911,2184,2184,2184,2457,2457,2457,2457,2730,2730,0,0,0,0,0,4095,4095,4095,4095,4095,4095,0,0,0,0,0,
819,819,819,1092,1092,1092,1365,1365,1638,1638,1638,1911,1911,1911,2184,2184,2184,2184,2457,2457,0,0,0,0,0,4095,4095,4095,4095,4095,4095,0,0,0,0,0,
546,546,546,819,819,819,1092,1092,1365,1365,1365,1638,1638,1638,1911,1911,1911,1911,2184,2184,0,0,0,0,0,4095,4095,4095,4095,4095,4095,0,0,0,0,0,
273,273,273,546,546,546,819,819,1092,1092,1092,1365,1365,1365,1638,1638,1638,1638,1911,1911,0,0,0,4095,4095,4095,4095,4095,4095,4095,4095,0,0,0,0,0,
0,0,0,273,273,273,546,546,819,819,819,1092,1092,1092,1365,1365,1365,1365,1638,1638,0,0,0,4095,4095,4095,4095,4095,4095,4095,4095,0,0,0,0,0,
0,0,0,0,0,0,273,273,546,546,546,819,819,819,1092,1092,1092,1092,1365,1365,0,0,0,4095,4095,4095,4095,4095,4095,4095,4095,0,0,0,0,0,
0,0,0,0,0,0,0,0,273,273,273,546,546,546,819,819,819,819,1092,1092,0,0,0,4095,4095,4095,4095,4095,4095,4095,4095,0,0,0,0,0,
0,0,0,0,0,0,0,0,0,0,0,273,273,273,546,546,546,546,819,819,0,0,0,4095,4095,4095,4095,4095,4095,4095,4095,0,0,0,0,0,
0,0,0,0,0,0,0,0,0,0,0,0,0,0,273,273,273,273,546,546,0,0,0,4095,4095,4095,4095,4095,4095,4095,4095,0,0,0,0,0,
0,0,0,0,0,0,0,0,0,0,0,0,0,0,0,0,0,0,273,273,0,0,0,4095,4095,4095,4095,4095,4095,4095,4095,0,0,0,0,0,
0,0,0,0,0,0,0,0,0,0,0,0,0,0,0,0,0,0,0,0,0,0,0,4095,4095,4095,4095,4095,4095,4095,4095,0,0,0,0,0,
0,0,0,0,0,0,0,0,0,0,0,0,0,0,0,0,0,0,0,0,0,0,0,4095,4095,4095,4095,4095,4095,4095,4095,0,0,0,0,0,
0,0,0,0,0,0,0,0,0,0,0,0,0,0,0,0,0,0,0,0,0,0,0,4095,4095,4095,4095,4095,4095,4095,4095,0,0,0,0,0,
0,0,0,0,0,0,0,0,0,0,0,0,0,0,0,0,0,0,0,0,0,0,0,4095,4095,4095,4095,4095,4095,4095,4095,0,0,0,0,0,
0,0,0,0,0,0,0,0,0,0,0,0,0,0,0,0,0,0,0,0,0,0,0,4095,4095,4095,4095,4095,4095,4095,4095,0,0,0,0,0,
0,0,0,0,0,0,0,0,0,0,0,0,0,0,0,0,0,0,0,0,0,0,0,4095,4095,4095,4095,4095,4095,4095,4095,0,0,0,0,0,
0,0,0,0,0,0,0,0,0,0,0,0,0,0,0,0,0,0,0,0,0,0,0,4095,4095,4095,4095,4095,4095,4095,4095,0,0,0,0,0,
0,0,0,0,0,0,0,0,0,0,0,0,0,0,0,0,0,0,0,0,0,0,0,4095,4095,4095,4095,4095,4095,4095,4095,0,0,0,0,0,
0,0,0,0,0,0,0,0,0,0,0,0,0,0,0,0,0,0,0,0,0,0,0,4095,4095,4095,4095,4095,4095,4095,4095,0,0,0,0,0,
0,0,0,0,0,0,0,0,0,0,0,0,0,0,0,0,0,0,0,0,0,0,0,4095,4095,4095,4095,4095,4095,4095,4095,0,0,0,0,0,
0,0,0,0,0,0,0,0,0,0,0,0,0,0,0,0,0,0,0,0,0,0,0,4095,4095,4095,4095,4095,4095,4095,4095,4095,4095,4095,4095,4095,
0,0,0,0,0,0,0,0,0,0,0,0,0,0,0,0,0,0,0,0,0,0,0,4095,4095,4095,4095,4095,4095,4095,4095,3822,3822,3822,3822,3822,
0,0,0,0,0,0,0,0,0,0,0,0,0,0,0,0,0,0,0,0,0,0,0,4095,4095,4095,4095,4095,4095,4095,4095,3549,3549,3549,3549,3549,
0,0,0,0,0,0,0,0,0,0,0,0,0,0,0,0,0,0,0,0,0,0,0,4095,4095,4095,4095,4095,4095,4095,4095,3276,3276,3276,3276,3276,
0,0,0,0,0,0,0,0,0,0,0,0,0,0,0,0,0,0,0,0,0,0,0,4095,4095,4095,4095,4095,4095,4095,4095,3003,3003,3003,3003,3003,
0,0,0,0,0,0,0,0,0,0,0,0,0,0,0,0,0,0,0,0,0,0,0,4095,4095,4095,4095,4095,4095,4095,4095,2730,2730,2730,2730,2730,
0,0,0,0,0,0,0,0,0,0,0,0,0,0,0,0,0,0,0,0,0,0,0,4095,4095,4095,4095,4095,4095,4095,4095,2457,2457,2457,2457,2457,
0,0,0,0,0,0,0,0,0,0,0,0,0,0,0,0,0,0,0,0,0,0,0,4095,4095,4095,4095,4095,4095,4095,4095,2184,2184,2184,2184,2184,
0,0,0,0,0,0,0,0,0,0,0,0,0,0,0,0,0,0,0,0,0,0,0,4095,4095,4095,4095,4095,4095,4095,4095,1911,1911,1911,1911,1911,
0,0,0,0,0,0,0,0,0,0,0,0,0,0,0,0,0,0,0,0,0,0,0,4095,4095,4095,4095,4095,4095,4095,4095,1638,1638,1638,1638,1638,
0,0,0,0,0,0,0,0,0,0,0,0,0,0,0,0,0,0,0,0,0,0,0,4095,4095,4095,4095,4095,4095,4095,4095,1365,1365,1365,1365,1365,
0,0,0,0,0,0,0,0,0,0,0,0,0,0,0,0,0,0,0,0,0,0,0,4095,4095,4095,4095,4095,4095,4095,4095,1092,1092,1092,1092,1092,
0,0,0,0,0,0,0,0,0,0,0,0,0,0,0,0,0,0,0,0,0,0,0,4095,4095,4095,4095,4095,4095,4095,4095,819,819,819,819,819,
0,0,0,0,0,0,0,0,0,0,0,0,0,0,0,0,0,0,0,0,0,0,0,4095,4095,4095,4095,4095,4095,4095,4095,546,546,546,546,546,
0,0,0,0,0,0,0,0,0,0,0,0,0,0,0,0,0,0,0,0,0,0,0,4095,4095,4095,4095,4095,4095,4095,4095,273,273,273,273,273,
0,0,0,0,0,0,0,0,0,0,0,0,0,0,0,0,0,0,0,0,0,0,0,4095,4095,4095,4095,4095,4095,4095,4095,0,0,0,0,0,
0,0,0,0,0,0,0,0,0,0,0,0,0,0,0,0,0,0,0,0,0,0,0,4095,4095,4095,4095,4095,4095,4095,4095,0,0,0,0,0,
0,0,0,0,0,0,0,0,0,0,0,0,0,0,0,0,0,0,0,0,0,0,0,4095,4095,4095,4095,4095,4095,4095,4095,0,0,0,0,0,
0,0,0,0,0,0,0,0,0,0,0,0,0,0,0,0,0,0,0,0,0,0,0,4095,4095,4095,4095,4095,4095,4095,4095,0,0,0,0,0,
0,0,0,0,0,0,0,0,0,0,0,0,0,0,0,0,0,0,0,0,0,0,0,4095,4095,4095,4095,4095,4095,4095,4095,0,0,0,0,0,
0,0,0,0,0,0,0,0,0,0,0,0,0,0,0,0,0,0,0,0,0,0,0,4095,4095,4095,4095,4095,4095,4095,4095,0,0,0,0,0,
0,0,0,0,0,0,0,0,0,0,0,0,0,0,0,0,0,0,0,0,0,0,0,4095,4095,4095,4095,4095,4095,4095,4095,0,0,0,0,0,
0,0,0,0,0,0,0,0,0,0,0,0,0,0,0,0,0,0,0,0,0,0,0,4095,4095,4095,4095,4095,4095,4095,4095,0,0,0,0,0,
0,0,0,0,0,0,0,0,0,0,0,0,0,0,0,0,0,0,0,0,0,0,0,4095,4095,4095,4095,4095,4095,4095,4095,0,0,0,0,0,
0,0,0,0,0,0,0,0,0,0,0,0,0,0,0,0,0,0,0,0,0,0,0,4095,4095,4095,4095,4095,4095,4095,4095,0,0,0,0,0,
0,0,0,0,0,0,0,0,0,0,0,0,0,0,0,0,0,0,0,0,0,0,0,4095,4095,4095,4095,4095,4095,4095,4095,0,0,0,0,0,
0,0,0,0,0,0,0,0,0,0,0,0,0,0,0,0,0,0,0,0,0,0,0,4095,4095,4095,4095,4095,4095,4095,4095,0,0,0,0,0,
0,0,0,0,0,0,0,0,0,0,0,0,0,0,0,0,0,0,0,0,0,0,0,4095,4095,4095,4095,4095,4095,4095,4095,0,0,0,0,0,
0,0,0,0,0,0,0,0,0,0,0,0,0,0,0,0,0,0,0,0,0,0,0,4095,4095,4095,4095,4095,4095,4095,4095,0,0,0,0,0,
0,0,0,0,0,0,0,0,0,0,0,0,0,0,0,0,0,0,0,0,0,0,0,4095,4095,4095,4095,4095,4095,4095,4095,0,0,0,0,0,
0,0,0,0,0,0,0,0,0,0,0,0,0,0,0,0,0,0,0,0,0,0,0,4095,4095,4095,4095,4095,4095,4095,4095,0,0,0,0,0,
0,0,0,0,0,0,0,0,0,0,0,0,0,0,0,0,0,0,0,0,0,0,0,4095,4095,4095,4095,4095,4095,4095,4095,0,0,0,0,0,
0,0,0,0,0,0,0,0,0,0,0,0,0,0,0,0,0,0,0,0,0,0,0,4095,4095,4095,4095,4095,4095,4095,4095,0,0,0,0,0,
4095,4095,4095,0,0,0,0,0,0,0,0,0,0,0,0,0,0,0,0,0,0,0,0,4095,4095,4095,4095,4095,4095,4095,4095,0,0,0,0,0,
3822,3822,3822,4095,4095,4095,0,0,0,0,0,0,0,0,0,0,0,0,0,0,0,0,0,0,0,4095,4095,4095,4095,4095,4095,0,0,0,0,0,
3549,3549,3549,3822,3822,3822,4095,4095,0,0,0,0,0,0,0,0,0,0,0,0,0,0,0,0,0,4095,4095,4095,4095,4095,4095,0,0,0,0,0,
3276,3276,3276,3549,3549,3549,3822,3822,4095,4095,4095,4095,0,0,0,0,0,0,0,0,0,0,0,0,0,4095,4095,4095,4095,4095,4095,0,0,0,0,0,
3003,3003,3003,3276,3276,3276,3549,3549,3822,3822,3822,3822,4095,4095,4095,0,0,0,0,0,0,0,0,0,0,4095,4095,4095,4095,4095,4095,0,0,0,0,0,
2730,2730,2730,3003,3003,3003,3276,3276,3549,3549,3549,3549,3822,3822,3822,4095,4095,4095,0,0,0,0,0,0,0,4095,4095,4095,4095,4095,4095,0,0,0,0,0,
2457,2457,2457,2730,2730,2730,3003,3003,3276,3276,3276,3276,3549,3549,3549,3822,3822,3822,4095,0,0,0,0,0,0,4095,4095,4095,4095,4095,4095,0,0,0,0,0,
2184,2184,2184,2457,2457,2457,2730,2730,3003,3003,3003,3003,3276,3276,3276,3549,3549,3549,3822,0,0,0,0,0,0,4095,4095,4095,4095,4095,4095,0,0,0,0,0,
1911,1911,1911,2184,2184,2184,2457,2457,2730,2730,2730,2730,3003,3003,3003,3276,3276,3276,3549,0,0,0,0,0,0,4095,4095,4095,4095,4095,4095,0,0,0,0,0,
1638,1638,1638,1911,1911,1911,2184,2184,2457,2457,2457,2457,2730,2730,2730,3003,3003,3003,3276,0,0,0,0,0,0,4095,4095,4095,4095,4095,4095,0,0,0,0,0,
1365,1365,1365,1638,1638,1638,1911,1911,2184,2184,2184,2184,2457,2457,2457,2730,2730,2730,3003,0,0,0,0,0,0,4095,4095,4095,4095,4095,4095,0,0,0,0,0,
1092,1092,1092,1365,1365,1365,1638,1638,1911,1911,1911,1911,2184,2184,2184,2457,2457,2457,2730,0,0,0,0,0,0,4095,4095,4095,4095,4095,4095,0,0,0,0,0,
819,819,819,1092,1092,1092,1365,1365,1638,1638,1638,1638,1911,1911,1911,2184,2184,2184,2457,0,0,0,0,0,0,4095,4095,4095,4095,4095,4095,0,0,0,0,0,
546,546,546,819,819,819,1092,1092,1365,1365,1365,1365,1638,1638,1638,1911,1911,1911,2184,0,0,0,0,0,0,4095,4095,4095,4095,4095,4095,0,0,0,0,0,
273,273,273,546,546,546,819,819,1092,1092,1092,1092,1365,1365,1365,1638,1638,1638,1911,0,0,0,0,0,0,4095,4095,4095,4095,4095,4095,0,0,0,0,0,
0,0,0,273,273,273,546,546,819,819,819,819,1092,1092,1092,1365,1365,1365,1638,0,0,0,0,0,0,4095,4095,4095,4095,4095,4095,0,0,0,0,0,
0,0,0,0,0,0,273,273,546,546,546,546,819,819,819,1092,1092,1092,1365,0,0,0,0,0,0,4095,4095,4095,4095,4095,4095,0,0,0,0,0,
0,0,0,0,0,0,0,0,273,273,273,273,546,546,546,819,819,819,1092,0,0,0,0,0,0,4095,4095,4095,4095,4095,4095,0,0,0,0,0,
0,0,0,0,0,0,0,0,0,0,0,0,273,273,273,546,546,546,819,0,0,0,0,0,0,4095,4095,4095,4095,4095,4095,0,0,0,0,0,
0,0,0,0,0,0,0,0,0,0,0,0,0,0,0,273,273,273,546,0,0,0,0,0,0,0,0,4095,4095,4095,4095,0,0,0,0,0,
0,0,0,0,0,0,0,0,0,0,0,0,0,0,0,0,0,0,273,0,0,0,0,0,0,0,0,4095,4095,4095,4095,0,0,0,0,0,
0,0,0,0,0,0,0,0,0,0,0,0,0,0,0,0,0,0,0,0,0,0,0,0,0,0,0,4095,4095,4095,4095,0,0,0,0,0,
0,0,0,0,0,0,0,0,0,0,0,0,0,0,0,0,0,0,0,0,0,0,0,0,0,0,0,4095,4095,4095,4095,0,0,0,0,0,
0,0,0,0,0,0,0,0,0,0,0,0,0,0,0,0,0,0,0,0,0,0,0,0,0,0,0,4095,4095,4095,4095,0,0,0,0,0,
0,0,0,0,0,0,0,0,0,0,0,0,0,0,0,0,0,0,0,0,0,0,0,0,0,0,0,4095,4095,4095,4095,0,0,0,0,0,
0,0,0,0,0,0,0,0,0,0,0,0,0,0,0,0,0,0,0,0,0,0,0,0,0,0,0,4095,4095,4095,4095,0,0,0,0,0,
0,0,0,0,0,0,0,0,0,0,0,0,0,0,0,0,0,0,0,0,0,0,0,0,0,0,0,4095,4095,4095,4095,0,0,0,0,0,
0,0,0,0,0,0,0,0,0,0,0,0,0,0,0,0,0,0,0,0,0,0,0,0,0,0,0,4095,4095,4095,4095,0,0,0,0,0,
0,0,0,0,0,0,0,0,0,0,0,0,0,0,0,0,0,0,0,0,0,0,0,0,0,0,0,4095,4095,4095,4095,0,0,0,0,0,
0,0,0,0,0,0,0,0,0,0,0,0,0,0,0,0,0,0,0,0,0,0,0,0,0,0,0,4095,4095,4095,4095,0,0,0,0,0,
0,0,0,0,0,0,0,0,0,0,0,0,0,0,0,0,0,0,0,0,0,0,0,0,0,0,0,4095,4095,4095,4095,0,0,0,0,0,
0,0,0,0,0,0,0,0,0,0,0,0,0,0,0,0,0,0,0,0,0,0,0,0,0,0,0,4095,4095,4095,4095,0,0,0,0,0,
0,0,0,0,0,0,0,0,0,0,0,0,0,0,0,0,0,0,0,0,0,0,0,0,0,0,0,4095,4095,4095,4095,4095,4095,4095,4095,4095,
0,0,0,0,0,0,0,0,0,0,0,0,0,0,0,0,0,0,0,0,0,0,0,0,0,0,0,4095,4095,4095,4095,3822,3822,3822,3822,3822,
0,0,0,0,0,0,0,0,0,0,0,0,0,0,0,0,0,0,0,0,0,0,0,0,0,0,0,4095,4095,4095,4095,3549,3549,3549,3549,3549,
0,0,0,0,0,0,0,0,0,0,0,0,0,0,0,0,0,0,0,0,0,0,0,0,0,0,0,4095,4095,4095,4095,3276,3276,3276,3276,3276,
0,0,0,0,0,0,0,0,0,0,0,0,0,0,0,0,0,0,0,0,0,0,0,0,0,0,0,4095,4095,4095,4095,3003,3003,3003,3003,3003,
0,0,0,0,0,0,0,0,0,0,0,0,0,0,0,0,0,0,0,0,0,0,0,0,0,0,0,4095,4095,4095,4095,2730,2730,2730,2730,2730,
0,0,0,0,0,0,0,0,0,0,0,0,0,0,0,0,0,0,0,0,0,0,0,0,0,0,0,4095,4095,4095,4095,2457,2457,2457,2457,2457,
0,0,0,0,0,0,0,0,0,0,0,0,0,0,0,0,0,0,0,0,0,0,0,0,0,0,0,4095,4095,4095,4095,2184,2184,2184,2184,2184,
0,0,0,0,0,0,0,0,0,0,0,0,0,0,0,0,0,0,0,0,0,0,0,0,0,0,0,4095,4095,4095,4095,1911,1911,1911,1911,1911,
0,0,0,0,0,0,0,0,0,0,0,0,0,0,0,0,0,0,0,0,0,0,0,0,0,0,0,4095,4095,4095,4095,1638,1638,1638,1638,1638,
0,0,0,0,0,0,0,0,0,0,0,0,0,0,0,0,0,0,0,0,0,0,0,0,0,0,0,4095,4095,4095,4095,1365,1365,1365,1365,1365,
0,0,0,0,0,0,0,0,0,0,0,0,0,0,0,0,0,0,0,0,0,0,0,0,0,0,0,4095,4095,4095,4095,1092,1092,1092,1092,1092,
0,0,0,0,0,0,0,0,0,0,0,0,0,0,0,0,0,0,0,0,0,0,0,0,0,0,0,4095,4095,4095,4095,819,819,819,819,819,
0,0,0,0,0,0,0,0,0,0,0,0,0,0,0,0,0,0,0,0,0,0,0,0,0,0,0,4095,4095,4095,4095,546,546,546,546,546,
0,0,0,0,0,0,0,0,0,0,0,0,0,0,0,0,0,0,0,0,0,0,0,0,0,0,0,4095,4095,4095,4095,273,273,273,273,273,
0,0,0,0,0,0,0,0,0,0,0,0,0,0,0,0,0,0,0,0,0,0,0,0,0,0,0,4095,4095,4095,4095,0,0,0,0,0,
0,0,0,0,0,0,0,0,0,0,0,0,0,0,0,0,0,0,0,0,0,0,0,0,0,0,0,4095,4095,4095,4095,0,0,0,0,0,
0,0,0,0,0,0,0,0,0,0,0,0,0,0,0,0,0,0,0,0,0,0,0,0,0,0,0,4095,4095,4095,4095,0,0,0,0,0,
0,0,0,0,0,0,0,0,0,0,0,0,0,0,0,0,0,0,0,0,0,0,0,0,0,0,0,4095,4095,4095,4095,0,0,0,0,0,
0,0,0,0,0,0,0,0,0,0,0,0,0,0,0,0,0,0,0,0,0,0,0,0,0,0,0,4095,4095,4095,4095,0,0,0,0,0,
0,0,0,0,0,0,0,0,0,0,0,0,0,0,0,0,0,0,0,0,0,0,0,0,0,0,0,4095,4095,4095,4095,0,0,0,0,0,
0,0,0,0,0,0,0,0,0,0,0,0,0,0,0,0,0,0,0,0,0,0,0,0,0,0,0,4095,4095,4095,4095,0,0,0,0,0,
0,0,0,0,0,0,0,0,0,0,0,0,0,0,0,0,0,0,0,0,0,0,0,0,0,0,0,4095,4095,4095,4095,0,0,0,0,0,
0,0,0,0,0,0,0,0,0,0,0,0,0,0,0,0,0,0,0,0,0,0,0,0,0,0,0,4095,4095,4095,4095,0,0,0,0,0,
0,0,0,0,0,0,0,0,0,0,0,0,0,0,0,0,0,0,0,0,0,0,0,0,0,0,0,4095,4095,4095,4095,0,0,0,0,0,
0,0,0,0,0,0,0,0,0,0,0,0,0,0,0,0,0,0,0,0,0,0,0,0,0,0,0,4095,4095,4095,4095,0,0,0,0,0,
0,0,0,0,0,0,0,0,0,0,0,0,0,0,0,0,0,0,0,0,0,0,0,0,0,0,0,4095,4095,4095,4095,0,0,0,0,0,
0,0,0,0,0,0,0,0,0,0,0,0,0,0,0,0,0,0,0,0,0,0,0,0,0,0,0,4095,4095,4095,4095,0,0,0,0,0,
0,0,0,0,0,0,0,0,0,0,0,0,0,0,0,0,0,0,0,0,0,0,0,0,0,0,0,4095,4095,4095,4095,0,0,0,0,0,
0,0,0,0,0,0,0,0,0,0,0,0,0,0,0,0,0,0,0,0,0,0,0,0,0,0,0,4095,4095,4095,4095,0,0,0,0,0,
0,0,0,0,0,0,0,0,0,0,0,0,0,0,0,0,0,0,0,0,0,0,0,0,0,0,0,4095,4095,4095,4095,0,0,0,0,0,
0,0,0,0,0,0,0,0,0,0,0,0,0,0,0,0,0,0,0,0,0,0,0,0,0,0,0,4095,4095,4095,4095,0,0,0,0,0,
0,0,0,0,0,0,0,0,0,0,0,0,0,0,0,0,0,0,0,0,0,0,0,0,0,0,0,4095,4095,4095,4095,0,0,0,0,0,
0,0,0,0,0,0,0,0,0,0,0,0,0,0,0,0,0,0,0,0,0,0,0,0,0,0,0,4095,4095,4095,4095,0,0,0,0,0,
0,0,0,0,0,0,0,0,0,0,0,0,0,0,0,0,0,0,0,0,0,0,0,0,0,4095,4095,4095,4095,4095,4095,0,0,0,0,0,
4095,4095,4095,0,0,0,0,0,0,0,0,0,0,0,0,0,0,0,0,0,0,0,0,0,0,4095,4095,4095,4095,4095,4095,0,0,0,0,0,
3822,3822,3822,4095,4095,4095,0,0,0,0,0,0,0,0,0,0,0,0,0,0,0,0,0,0,0,4095,4095,4095,4095,4095,4095,0,0,0,0,0,
3549,3549,3549,3822,3822,3822,4095,4095,0,0,0,0,0,0,0,0,0,0,0,0,0,0,0,0,0,4095,4095,4095,4095,4095,4095,0,0,0,0,0,
3276,3276,3276,3549,3549,3549,3822,3822,4095,4095,4095,0,0,0,0,0,0,0,0,0,0,0,0,0,0,4095,4095,4095,4095,4095,4095,0,0,0,0,0,
3003,3003,3003,3276,3276,3276,3549,3549,3822,3822,3822,4095,4095,4095,0,0,0,0,0,0,0,0,0,0,0,4095,4095,4095,4095,4095,4095,0,0,0,0,0,
2730,2730,2730,3003,3003,3003,3276,3276,3549,3549,3549,3822,3822,3822,4095,4095,4095,4095,0,0,0,0,0,0,0,4095,4095,4095,4095,4095,4095,0,0,0,0,0,
2457,2457,2457,2730,2730,2730,3003,3003,3276,3276,3276,3549,3549,3549,3822,3822,3822,3822,4095,4095,0,0,0,0,0,4095,4095,4095,4095,4095,4095,0,0,0,0,0,
2184,2184,2184,2457,2457,2457,2730,2730,3003,3003,3003,3276,3276,3276,3549,3549,3549,3549,3822,3822,0,0,0,0,0,4095,4095,4095,4095,4095,4095,0,0,0,0,0,
1911,1911,1911,2184,2184,2184,2457,2457,2730,2730,2730,3003,3003,3003,3276,3276,3276,3276,3549,3549,0,0,0,0,0,4095,4095,4095,4095,4095,4095,0,0,0,0,0,
1638,1638,1638,1911,1911,1911,2184,2184,2457,2457,2457,2730,2730,2730,3003,3003,3003,3003,3276,3276,0,0,0,0,0,4095,4095,4095,4095,4095,4095,0,0,0,0,0,
1365,1365,1365,1638,1638,1638,1911,1911,2184,2184,2184,2457,2457,2457,2730,2730,2730,2730,3003,3003,0,0,0,0,0,4095,4095,4095,4095,4095,4095,0,0,0,0,0,
1092,1092,1092,1365,1365,1365,1638,1638,1911,1911,1911,2184,2184,2184,2457,2457,2457,2457,2730,2730,0,0,0,0,0,4095,4095,4095,4095,4095,4095,0,0,0,0,0,
819,819,819,1092,1092,1092,1365,1365,1638,1638,1638,1911,1911,1911,2184,2184,2184,2184,2457,2457,0,0,0,0,0,4095,4095,4095,4095,4095,4095,0,0,0,0,0,
546,546,546,819,819,819,1092,1092,1365,1365,1365,1638,1638,1638,1911,1911,1911,1911,2184,2184,0,0,0,0,0,4095,4095,4095,4095,4095,4095,0,0,0,0,0,
273,273,273,546,546,546,819,819,1092,1092,1092,1365,1365,1365,1638,1638,1638,1638,1911,1911,0,0,0,0,0,4095,4095,4095,4095,4095,4095,0,0,0,0,0,
0,0,0,273,273,273,546,546,819,819,819,1092,1092,1092,1365,1365,1365,1365,1638,1638,0,0,0,0,0,4095,4095,4095,4095,4095,4095,0,0,0,0,0,
0,0,0,0,0,0,273,273,546,546,546,819,819,819,1092,1092,1092,1092,1365,1365,0,0,0,0,0,4095,4095,4095,4095,4095,4095,0,0,0,0,0,
0,0,0,0,0,0,0,0,273,273,273,546,546,546,819,819,819,819,1092,1092,0,0,0,4095,4095,4095,4095,4095,4095,4095,4095,0,0,0,0,0,
0,0,0,0,0,0,0,0,0,0,0,273,273,273,546,546,546,546,819,819,0,0,0,4095,4095,4095,4095,4095,4095,4095,4095,0,0,0,0,0,
0,0,0,0,0,0,0,0,0,0,0,0,0,0,273,273,273,273,546,546,0,0,0,4095,4095,4095,4095,4095,4095,4095,4095,0,0,0,0,0,
0,0,0,0,0,0,0,0,0,0,0,0,0,0,0,0,0,0,273,273,0,0,0,4095,4095,4095,4095,4095,4095,4095,4095,0,0,0,0,0,
0,0,0,0,0,0,0,0,0,0,0,0,0,0,0,0,0,0,0,0,0,0,0,4095,4095,4095,4095,4095,4095,4095,4095,0,0,0,0,0,
0,0,0,0,0,0,0,0,0,0,0,0,0,0,0,0,0,0,0,0,0,0,0,4095,4095,4095,4095,4095,4095,4095,4095,0,0,0,0,0,
0,0,0,0,0,0,0,0,0,0,0,0,0,0,0,0,0,0,0,0,0,0,0,4095,4095,4095,4095,4095,4095,4095,4095,0,0,0,0,0,
0,0,0,0,0,0,0,0,0,0,0,0,0,0,0,0,0,0,0,0,0,0,0,4095,4095,4095,4095,4095,4095,4095,4095,0,0,0,0,0,
0,0,0,0,0,0,0,0,0,0,0,0,0,0,0,0,0,0,0,0,0,0,0,4095,4095,4095,4095,4095,4095,4095,4095,0,0,0,0,0,
0,0,0,0,0,0,0,0,0,0,0,0,0,0,0,0,0,0,0,0,0,0,0,4095,4095,4095,4095,4095,4095,4095,4095,0,0,0,0,0,
0,0,0,0,0,0,0,0,0,0,0,0,0,0,0,0,0,0,0,0,0,0,0,4095,4095,4095,4095,4095,4095,4095,4095,0,0,0,0,0,
0,0,0,0,0,0,0,0,0,0,0,0,0,0,0,0,0,0,0,0,0,0,0,4095,4095,4095,4095,4095,4095,4095,4095,0,0,0,0,0,
0,0,0,0,0,0,0,0,0,0,0,0,0,0,0,0,0,0,0,0,0,0,0,4095,4095,4095,4095,4095,4095,4095,4095,0,0,0,0,0,
0,0,0,0,0,0,0,0,0,0,0,0,0,0,0,0,0,0,0,0,0,0,0,4095,4095,4095,4095,4095,4095,4095,4095,0,0,0,0,0,
0,0,0,0,0,0,0,0,0,0,0,0,0,0,0,0,0,0,0,0,0,0,0,4095,4095,4095,4095,4095,4095,4095,4095,0,0,0,0,0,
0,0,0,0,0,0,0,0,0,0,0,0,0,0,0,0,0,0,0,0,0,0,0,4095,4095,4095,4095,4095,4095,4095,4095,4095,4095,4095,4095,4095,
0,0,0,0,0,0,0,0,0,0,0,0,0,0,0,0,0,0,0,0,0,0,0,4095,4095,4095,4095,4095,4095,4095,4095,3822,3822,3822,3822,3822,
0,0,0,0,0,0,0,0,0,0,0,0,0,0,0,0,0,0,0,0,0,0,0,4095,4095,4095,4095,4095,4095,4095,4095,3549,3549,3549,3549,3549,
0,0,0,0,0,0,0,0,0,0,0,0,0,0,0,0,0,0,0,0,0,0,0,0,0,0,0,4095,4095,4095,4095,3276,3276,3276,3276,3276,
0,0,0,0,0,0,0,0,0,0,0,0,0,0,0,0,0,0,0,0,0,0,0,0,0,0,0,0,0,0,0,3003,3003,3003,3003,3003,
0,0,0,0,0,0,0,0,0,0,0,0,0,0,0,0,0,0,0,0,0,0,0,0,0,0,0,0,0,0,0,2730,2730,2730,2730,2730,
0,0,0,0,0,0,0,0,0,0,0,0,0,0,0,0,0,0,0,0,0,0,0,0,0,0,0,0,0,0,0,2457,2457,2457,2457,2457,
0,0,0,0,0,0,0,0,0,0,0,0,0,0,0,0,0,0,0,0,0,0,0,0,0,0,0,0,0,0,0,2184,2184,2184,2184,2184,
0,0,0,0,0,0,0,0,0,0,0,0,0,0,0,0,0,0,0,0,0,0,0,0,0,0,0,0,0,0,0,1911,1911,1911,1911,1911,
0,0,0,0,0,0,0,0,0,0,0,0,0,0,0,0,0,0,0,0,0,0,0,0,0,0,0,0,0,0,0,1638,1638,1638,1638,1638,
0,0,0,0,0,0,0,0,0,0,0,0,0,0,0,0,0,0,0,0,0,0,0,0,0,0,0,0,0,0,0,1365,1365,1365,1365,1365,
0,0,0,0,0,0,0,0,0,0,0,0,0,0,0,0,0,0,0,0,0,0,0,0,0,0,0,0,0,0,0,1092,1092,1092,1092,1092,
0,0,0,0,0,0,0,0,0,0,0,0,0,0,0,0,0,0,0,0,3276,3276,3276,3276,0,0,0,0,0,0,0,819,819,819,819,819,
0,0,0,0,0,0,0,0,0,0,0,0,0,0,0,0,0,0,0,0,3094,3094,3094,3094,0,0,0,0,0,0,0,546,546,546,546,546,
0,0,0,0,0,0,0,0,0,0,0,0,0,0,0,0,0,0,0,0,2912,2912,2912,2912,0,0,0,0,0,0,0,273,273,273,273,273,
0,0,0,0,0,0,0,0,0,0,0,0,0,0,0,0,0,0,0,0,2730,2730,2730,2730,0,0,0,0,0,0,0,0,0,0,0,0,
0,0,0,0,0,0,0,0,0,0,0,0,0,0,0,0,0,0,0,0,2548,2548,2548,2548,0,0,0,0,0,0,0,0,0,0,0,0,
0,0,0,0,0,0,0,0,0,0,0,0,0,0,0,0,0,0,0,0,2366,2366,2366,2366,0,0,0,0,0,0,0,0,0,0,0,0,
0,0,0,0,0,0,0,0,0,0,0,0,0,0,0,0,0,0,0,0,2184,2184,2184,2184,0,0,0,0,0,0,0,0,0,0,0,0,
0,0,0,0,0,0,0,0,0,0,0,0,0,0,0,0,0,0,0,0,2002,2002,2002,2002,0,0,0,0,0,0,0,0,0,0,0,0,
0,0,0,0,0,0,0,0,0,0,0,0,0,0,0,0,0,0,0,0,1820,1820,1820,1820,0,0,0,0,0,0,0,0,0,0,0,0,
0,0,0,0,0,0,0,0,0,0,0,0,0,0,0,0,0,0,0,0,1638,1638,1638,1638,0,0,0,0,0,0,0,0,0,0,0,0,
0,0,0,0,0,0,0,0,0,0,0,0,0,0,0,0,0,0,0,0,1456,1456,1456,1456,0,0,0,0,0,0,0,0,0,0,0,0,
0,0,0,0,0,0,0,0,0,0,0,0,0,0,0,0,0,0,0,0,1274,1274,1274,1274,0,0,0,0,0,0,0,0,0,0,0,0,
0,0,0,0,0,0,0,0,0,0,0,0,0,0,0,0,0,0,0,0,1092,1092,1092,1092,0,0,0,0,0,0,0,0,0,0,0,0,
0,0,0,0,0,0,0,0,0,0,0,0,0,0,0,0,0,0,0,0,910,910,910,910,0,0,0,0,0,0,0,0,0,0,0,0,
0,0,0,0,0,0,0,0,0,0,0,0,0,0,0,0,0,0,0,0,728,728,728,728,0,0,0,0,0,0,0,0,0,0,0,0,
0,0,0,0,0,0,0,0,0,0,0,0,0,0,0,0,0,0,0,0,546,546,546,546,0,0,0,0,0,0,0,0,0,0,0,0,
0,0,0,0,0,0,0,0,0,0,0,0,0,0,0,0,0,0,0,0,364,364,364,364,0,0,0,0,0,0,0,0,0,0,0,0,
0,0,0,0,0,0,0,0,0,0,0,0,0,0,0,0,0,0,0,0,182,182,182,182,0,0,0,0,0,0,0,0,0,0,0,0,
0,0,0,0,0,0,0,0,0,0,0,0,0,0,0,0,0,0,0,0,0,0,0,0,3276,3276,3276,0,0,0,0,0,0,0,0,0,
0,0,0,0,0,0,0,0,0,0,0,0,0,0,0,0,0,0,0,0,0,0,0,0,3094,3094,3094,0,0,0,0,0,0,0,0,0,
0,0,0,0,0,0,0,0,0,0,0,0,0,0,0,0,0,0,0,0,0,0,0,0,2912,2912,2912,0,0,0,0,0,0,0,0,0,
0,0,0,0,0,0,0,0,0,0,0,0,0,0,0,0,0,0,0,0,0,0,0,0,2730,2730,2730,0,0,0,0,0,0,0,0,0,
4095,0,0,0,0,0,0,0,0,0,0,0,0,0,0,0,0,0,0,0,0,0,0,0,2548,2548,2548,0,0,0,0,0,0,0,0,0,
3822,4095,4095,4095,4095,0,0,0,0,0,0,0,0,0,0,0,0,0,0,0,0,0,0,0,2366,2366,2366,0,0,0,0,0,0,0,0,0,
3549,3822,3822,3822,3822,4095,4095,0,0,0,0,0,0,0,0,0,0,0,0,0,0,0,0,0,2184,2184,2184,0,0,0,0,0,0,0,0,0,
3276,3549,3549,3549,3549,3822,3822,4095,4095,0,0,0,0,0,0,0,0,0,0,0,0,0,0,0,2002,2002,2002,0,0,0,0,0,0,0,0,0,
3003,3276,3276,3276,3276,3549,3549,3822,3822,4095,4095,4095,4095,0,0,0,0,0,0,0,0,0,0,0,1820,1820,1820,0,0,0,0,0,0,0,0,0,
2730,3003,3003,3003,3003,3276,3276,3549,3549,3822,3822,3822,3822,4095,4095,4095,0,0,0,0,0,0,0,0,1638,1638,1638,0,0,0,0,0,0,0,0,0,
2457,2730,2730,2730,2730,3003,3003,3276,3276,3549,3549,3549,3549,3822,3822,3822,4095,4095,4095,4095,0,0,0,0,1456,1456,1456,0,0,0,0,0,0,0,0,0,
2184,2457,2457,2457,2457,2730,2730,3003,3003,3276,3276,3276,3276,3549,3549,3549,3822,3822,3822,3822,0,0,0,0,1274,1274,1274,0,0,0,0,0,0,0,0,0,
1911,2184,2184,2184,2184,2457,2457,2730,2730,3003,3003,3003,3003,3276,3276,3276,3549,3549,3549,3549,0,0,0,0,1092,1092,1092,0,0,0,0,0,0,0,0,0,
1638,1911,1911,1911,1911,2184,2184,2457,2457,2730,2730,2730,2730,3003,3003,3003,3276,3276,3276,3276,0,0,0,0,910,910,910,0,0,0,0,0,0,0,0,0,
1365,1638,1638,1638,1638,1911,1911,2184,2184,2457,2457,2457,2457,2730,2730,2730,3003,3003,3003,3003,0,0,0,0,728,728,728,0,0,0,0,0,0,0,0,0,
1092,1365,1365,1365,1365,1638,1638,1911,1911,2184,2184,2184,2184,2457,2457,2457,2730,2730,2730,2730,0,0,0,0,546,546,546,0,0,0,0,0,0,0,0,0,
819,1092,1092,1092,1092,1365,1365,1638,1638,1911,1911,1911,1911,2184,2184,2184,2457,2457,2457,2457,0,0,0,0,364,364,364,0,0,0,0,0,0,0,0,0,
546,819,819,819,819,1092,1092,1365,1365,1638,1638,1638,1638,1911,1911,1911,2184,2184,2184,2184,0,0,0,0,182,182,182,0,0,0,0,0,0,0,0,0,
273,546,546,546,546,819,819,1092,1092,1365,1365,1365,1365,1638,1638,1638,1911,1911,1911,1911,0,0,0,0,0,0,0,3276,3276,3276,3276,0,0,0,0,0,
0,273,273,273,273,546,546,819,819,1092,1092,1092,1092,1365,1365,1365,1638,1638,1638,1638,0,0,0,0,0,0,0,3094,3094,3094,3094,0,0,0,0,0,
0,0,0,0,0,273,273,546,546,819,819,819,819,1092,1092,1092,1365,1365,1365,1365,0,0,0,0,0,0,0,2912,2912,2912,2912,0,0,0,0,0,
0,0,0,0,0,0,0,273,273,546,546,546,546,819,819,819,1092,1092,1092,1092,0,0,0,0,0,0,0,2730,2730,2730,2730,0,0,0,0,0,
0,0,0,0,0,0,0,0,0,273,273,273,273,546,546,546,819,819,819,819,0,0,0,0,0,0,0,2548,2548,2548,2548,0,0,0,0,0,
0,0,0,0,0,0,0,0,0,0,0,0,0,273,273,273,546,546,546,546,0,0,0,0,0,0,0,2366,2366,2366,2366,0,0,0,0,0,
0,0,0,0,0,0,0,0,0,0,0,0,0,0,0,0,273,273,273,273,0,0,0,0,0,0,0,2184,2184,2184,2184,0,0,0,0,0,
0,0,0,0,0,0,0,0,0,0,0,0,0,0,0,0,0,0,0,0,0,0,0,0,0,0,0,2002,2002,2002,2002,0,0,0,0,0,
0,0,0,0,0,0,0,0,0,0,0,0,0,0,0,0,0,0,0,0,0,0,0,0,0,0,0,1820,1820,1820,1820,0,0,0,0,0,
0,0,0,0,0,0,0,0,0,0,0,0,0,0,0,0,0,0,0,0,0,0,0,0,0,0,0,1638,1638,1638,1638,0,0,0,0,0,
0,0,0,0,0,0,0,0,0,0,0,0,0,0,0,0,0,0,0,0,0,0,0,0,0,0,0,1456,1456,1456,1456,0,0,0,0,0,
0,0,0,0,0,0,0,0,0,0,0,0,0,0,0,0,0,0,0,0,0,0,0,0,0,0,0,1274,1274,1274,1274,0,0,0,0,0,
0,0,0,0,0,0,0,0,0,0,0,0,0,0,0,0,0,0,0,0,0,0,0,0,0,0,0,1092,1092,1092,1092,0,0,0,0,0,
0,0,0,0,0,0,0,0,0,0,0,0,0,0,0,0,0,0,0,0,0,0,0,0,0,0,0,910,910,910,910,0,0,0,0,0,
0,0,0,0,0,0,0,0,0,0,0,0,0,0,0,0,0,0,0,0,0,0,0,0,0,0,0,728,728,728,728,0,0,0,0,0,
0,0,0,0,0,0,0,0,0,0,0,0,0,0,0,0,0,0,0,0,0,0,0,0,0,0,0,546,546,546,546,0,0,0,0,0,
0,0,0,0,0,0,0,0,0,0,0,0,0,0,0,0,0,0,0,0,0,0,0,0,0,0,0,364,364,364,364,0,0,0,0,0,
0,0,0,0,0,0,0,0,0,0,0,0,0,0,0,0,0,0,0,0,0,0,0,0,0,0,0,182,182,182,182,0,0,0,0,0,
0,0,0,0,0,0,0,0,0,0,0,0,0,0,0,0,0,0,0,0,0,0,0,0,0,0,0,0,0,0,0,0,0,0,0,0,
4095,4095,4095,4095,4095,4095,4095,4095,4095,4095,4095,4095,4095,4095,4095,4095,4095,4095,4095,4095,4095,4095,4095,4095,4095,4095,4095,4095,4095,4095,4095,4095,4095,4095,4095,4095,
3868,3868,3868,3868,3868,3868,3868,3868,3868,3868,3868,3868,3868,3868,3868,3868,3868,3868,3868,3868,3868,3868,3868,3868,3868,3868,3868,3868,3868,3868,3868,3868,3868,3868,3868,3868,
3640,3640,3640,3640,3640,3640,3640,3640,3640,3640,3640,3640,3640,3640,3640,3640,3640,3640,3640,3640,3640,3640,3640,3640,3640,3640,3640,3640,3640,3640,3640,3640,3640,3640,3640,3640,
3413,3413,3413,3413,3413,3413,3413,3413,3413,3413,3413,3413,3413,3413,3413,3413,3413,3413,3413,3413,3413,3413,3413,3413,3413,3413,3413,3413,3413,3413,3413,3413,3413,3413,3413,3413,
3185,3185,3185,3185,3185,3185,3185,3185,3185,3185,3185,3185,3185,3185,3185,3185,3185,3185,3185,3185,3185,3185,3185,3185,3185,3185,3185,3185,3185,3185,3185,3185,3185,3185,3185,3185,
2958,2958,2958,2958,2958,2958,2958,2958,2958,2958,2958,2958,2958,2958,2958,2958,2958,2958,2958,2958,2958,2958,2958,2958,2958,2958,2958,2958,2958,2958,2958,2958,2958,2958,2958,2958,
2730,2730,2730,2730,2730,2730,2730,2730,2730,2730,2730,2730,2730,2730,2730,2730,2730,2730,2730,2730,2730,2730,2730,2730,2730,2730,2730,2730,2730,2730,2730,2730,2730,2730,2730,2730,
2503,2503,2503,2503,2503,2503,2503,2503,2503,2503,2503,2503,2503,2503,2503,2503,2503,2503,2503,2503,2503,2503,2503,2503,2503,2503,2503,2503,2503,2503,2503,2503,2503,2503,2503,2503,
2275,2275,2275,2275,2275,2275,2275,2275,2275,2275,2275,2275,2275,2275,2275,2275,2275,2275,2275,2275,2275,2275,2275,2275,2275,2275,2275,2275,2275,2275,2275,2275,2275,2275,2275,2275,
2048,2048,2048,2048,2048,2048,2048,2048,2048,2048,2048,2048,2048,2048,2048,2048,2048,2048,2048,2048,2048,2048,2048,2048,2048,2048,2048,2048,2048,2048,2048,2048,2048,2048,2048,2048,
1820,1820,1820,1820,1820,1820,1820,1820,1820,1820,1820,1820,1820,1820,1820,1820,1820,1820,1820,1820,1820,1820,1820,1820,1820,1820,1820,1820,1820,1820,1820,1820,1820,1820,1820,1820,
1593,1593,1593,1593,1593,1593,1593,1593,1593,1593,1593,1593,1593,1593,1593,1593,1593,1593,1593,1593,1593,1593,1593,1593,1593,1593,1593,1593,1593,1593,1593,1593,1593,1593,1593,1593,
1365,1365,1365,1365,1365,1365,1365,1365,1365,1365,1365,1365,1365,1365,1365,1365,1365,1365,1365,1365,1365,1365,1365,1365,1365,1365,1365,1365,1365,1365,1365,1365,1365,1365,1365,1365,
1138,1138,1138,1138,1138,1138,1138,1138,1138,1138,1138,1138,1138,1138,1138,1138,1138,1138,1138,1138,1138,1138,1138,1138,1138,1138,1138,1138,1138,1138,1138,1138,1138,1138,1138,1138,
910,910,910,910,910,910,910,910,910,910,910,910,910,910,910,910,910,910,910,910,910,910,910,910,910,910,910,910,910,910,910,910,910,910,910,910,
683,683,683,683,683,683,683,683,683,683,683,683,683,683,683,683,683,683,683,683,683,683,683,683,683,683,683,683,683,683,683,683,683,683,683,683,
455,455,455,455,455,455,455,455,455,455,455,455,455,455,455,455,455,455,455,455,455,455,455,455,455,455,455,455,455,455,455,455,455,455,455,455,
228,228,228,228,228,228,228,228,228,228,228,228,228,228,228,228,228,228,228,228,228,228,228,228,228,228,228,228,228,228,228,228,228,228,228,228,
0,0,0,0,0,0,0,0,0,0,0,0,0,0,0,0,0,0,0,0,0,0,0,0,0,0,0,0,0,0,0,0,0,0,0,0,
0,0,0,0,0,0,0,0,0,0,0,0,0,0,0,0,0,0,0,0,0,0,0,0,0,0,0,0,0,0,0,0,0,0,0,0,
0,0,0,0,0,0,0,0,0,0,0,0,0,0,0,0,0,0,0,0,0,0,0,0,0,0,0,0,0,0,0,0,0,0,0,0,
0,0,0,0,0,0,0,0,0,0,0,0,0,0,0,0,0,0,0,0,0,0,0,0,0,0,0,0,0,0,0,0,0,0,0,0,
0,0,0,0,0,0,0,0,0,0,0,0,0,0,0,0,0,0,0,0,0,0,0,0,0,0,0,0,0,0,0,0,0,0,0,0,
0,0,0,0,0,0,0,0,0,0,0,0,0,0,0,0,0,0,0,0,0,0,0,0,0,0,0,0,0,0,0,0,0,0,0,0,
0,0,0,0,0,0,0,0,0,0,0,0,0,0,0,0,0,0,0,0,0,0,0,0,0,0,0,0,0,0,0,0,0,0,0,0,
0,0,0,0,0,0,0,0,0,0,0,0,0,0,0,0,0,0,0,0,0,0,0,0,0,0,0,0,0,0,0,0,0,0,0,0,
0,0,0,0,0,0,0,0,0,0,0,0,0,0,0,0,0,0,0,0,0,0,0,0,0,0,0,0,0,0,0,0,0,0,0,0,
0,0,0,0,0,0,0,0,0,0,0,0,0,0,0,0,0,0,0,0,0,0,0,0,0,0,0,0,0,0,0,0,0,0,0,0,
0,0,0,0,0,0,0,0,0,0,0,0,0,0,0,0,0,0,0,0,0,0,0,0,0,0,0,0,0,0,0,0,0,0,0,0,
0,0,0,0,0,0,0,0,0,0,0,0,0,0,0,0,0,0,0,0,0,0,0,0,0,0,0,0,0,0,0,0,0,0,0,0,
0,0,0,0,0,0,0,0,0,0,0,0,0,0,0,0,0,0,0,0,0,0,0,0,0,0,0,0,0,0,0,0,0,0,0,0,
0,0,0,0,0,0,0,0,0,0,0,0,0,0,0,0,0,0,0,0,0,0,0,0,0,4095,4095,4095,4095,4095,4095,0,0,0,0,0,
4095,4095,4095,0,0,0,0,0,0,0,0,0,0,0,0,0,0,0,0,0,0,0,0,0,0,4095,4095,4095,4095,4095,4095,0,0,0,0,0,
3822,3822,3822,4095,4095,4095,0,0,0,0,0,0,0,0,0,0,0,0,0,0,0,0,0,0,0,4095,4095,4095,4095,4095,4095,0,0,0,0,0,
3549,3549,3549,3822,3822,3822,4095,4095,0,0,0,0,0,0,0,0,0,0,0,0,0,0,0,0,0,4095,4095,4095,4095,4095,4095,0,0,0,0,0,
3276,3276,3276,3549,3549,3549,3822,3822,4095,4095,4095,0,0,0,0,0,0,0,0,0,0,0,0,0,0,4095,4095,4095,4095,4095,4095,0,0,0,0,0,
3003,3003,3003,3276,3276,3276,3549,3549,3822,3822,3822,4095,4095,4095,0,0,0,0,0,0,0,0,0,0,0,4095,4095,4095,4095,4095,4095,0,0,0,0,0,
2730,2730,2730,3003,3003,3003,3276,3276,3549,3549,3549,3822,3822,3822,4095,4095,4095,4095,0,0,0,0,0,0,0,4095,4095,4095,4095,4095,4095,0,0,0,0,0,
2457,2457,2457,2730,2730,2730,3003,3003,3276,3276,3276,3549,3549,3549,3822,3822,3822,3822,4095,4095,0,0,0,0,0,4095,4095,4095,4095,4095,4095,0,0,0,0,0,
2184,2184,2184,2457,2457,2457,2730,2730,3003,3003,3003,3276,3276,3276,3549,3549,3549,3549,3822,3822,0,0,0,0,0,4095,4095,4095,4095,4095,4095,0,0,0,0,0,
1911,1911,1911,2184,2184,2184,2457,2457,2730,2730,2730,3003,3003,3003,3276,3276,3276,3276,3549,3549,0,0,0,0,0,4095,4095,4095,4095,4095,4095,0,0,0,0,0,
1638,1638,1638,1911,1911,1911,2184,2184,2457,2457,2457,2730,2730,2730,3003,3003,3003,3003,3276,3276,0,0,0,0,0,4095,4095,4095,4095,4095,4095,0,0,0,0,0,
1365,1365,1365,1638,1638,1638,1911,1911,2184,2184,2184,2457,2457,2457,2730,2730,2730,2730,3003,3003,0,0,0,0,0,4095,4095,4095,4095,4095,4095,0,0,0,0,0,
1092,1092,1092,1365,1365,1365,1638,1638,1911,1911,1911,2184,2184,2184,2457,2457,2457,2457,2730,2730,0,0,0,0,0,4095,4095,4095,4095,4095,4095,0,0,0,0,0,
819,819,819,1092,1092,1092,1365,1365,1638,1638,1638,1911,1911,1911,2184,2184,2184,2184,2457,2457,0,0,0,0,0,4095,4095,4095,4095,4095,4095,0,0,0,0,0,
546,546,546,819,819,819,1092,1092,1365,1365,1365,1638,1638,1638,1911,1911,1911,1911,2184,2184,0,0,0,0,0,4095,4095,4095,4095,4095,4095,0,0,0,0,0,
273,273,273,546,546,546,819,819,1092,1092,1092,1365,1365,1365,1638,1638,1638,1638,1911,1911,0,0,0,4095,4095,4095,4095,4095,4095,4095,4095,0,0,0,0,0,
0,0,0,273,273,273,546,546,819,819,819,1092,1092,1092,1365,1365,1365,1365,1638,1638,0,0,0,4095,4095,4095,4095,4095,4095,4095,4095,0,0,0,0,0,
0,0,0,0,0,0,273,273,546,546,546,819,819,819,1092,1092,1092,1092,1365,1365,0,0,0,4095,4095,4095,4095,4095,4095,4095,4095,0,0,0,0,0,
0,0,0,0,0,0,0,0,273,273,273,546,546,546,819,819,819,819,1092,1092,0,0,0,4095,4095,4095,4095,4095,4095,4095,4095,0,0,0,0,0,
0,0,0,0,0,0,0,0,0,0,0,273,273,273,546,546,546,546,819,819,0,0,0,4095,4095,4095,4095,4095,4095,4095,4095,0,0,0,0,0,
0,0,0,0,0,0,0,0,0,0,0,0,0,0,273,273,273,273,546,546,0,0,0,4095,4095,4095,4095,4095,4095,4095,4095,0,0,0,0,0,
0,0,0,0,0,0,0,0,0,0,0,0,0,0,0,0,0,0,273,273,0,0,0,4095,4095,4095,4095,4095,4095,4095,4095,0,0,0,0,0,
0,0,0,0,0,0,0,0,0,0,0,0,0,0,0,0,0,0,0,0,0,0,0,4095,4095,4095,4095,4095,4095,4095,4095,0,0,0,0,0,
0,0,0,0,0,0,0,0,0,0,0,0,0,0,0,0,0,0,0,0,0,0,0,4095,4095,4095,4095,4095,4095,4095,4095,0,0,0,0,0,
0,0,0,0,0,0,0,0,0,0,0,0,0,0,0,0,0,0,0,0,0,0,0,4095,4095,4095,4095,4095,4095,4095,4095,0,0,0,0,0,
0,0,0,0,0,0,0,0,0,0,0,0,0,0,0,0,0,0,0,0,0,0,0,4095,4095,4095,4095,4095,4095,4095,4095,0,0,0,0,0,
0,0,0,0,0,0,0,0,0,0,0,0,0,0,0,0,0,0,0,0,0,0,0,4095,4095,4095,4095,4095,4095,4095,4095,0,0,0,0,0,
0,0,0,0,0,0,0,0,0,0,0,0,0,0,0,0,0,0,0,0,0,0,0,4095,4095,4095,4095,4095,4095,4095,4095,0,0,0,0,0,
0,0,0,0,0,0,0,0,0,0,0,0,0,0,0,0,0,0,0,0,0,0,0,4095,4095,4095,4095,4095,4095,4095,4095,0,0,0,0,0,
0,0,0,0,0,0,0,0,0,0,0,0,0,0,0,0,0,0,0,0,0,0,0,4095,4095,4095,4095,4095,4095,4095,4095,0,0,0,0,0,
0,0,0,0,0,0,0,0,0,0,0,0,0,0,0,0,0,0,0,0,0,0,0,4095,4095,4095,4095,4095,4095,4095,4095,0,0,0,0,0,
0,0,0,0,0,0,0,0,0,0,0,0,0,0,0,0,0,0,0,0,0,0,0,4095,4095,4095,4095,4095,4095,4095,4095,0,0,0,0,0,
0,0,0,0,0,0,0,0,0,0,0,0,0,0,0,0,0,0,0,0,0,0,0,4095,4095,4095,4095,4095,4095,4095,4095,4095,4095,4095,4095,4095,
0,0,0,0,0,0,0,0,0,0,0,0,0,0,0,0,0,0,0,0,0,0,0,4095,4095,4095,4095,4095,4095,4095,4095,3822,3822,3822,3822,3822,
0,0,0,0,0,0,0,0,0,0,0,0,0,0,0,0,0,0,0,0,0,0,0,4095,4095,4095,4095,4095,4095,4095,4095,3549,3549,3549,3549,3549,
0,0,0,0,0,0,0,0,0,0,0,0,0,0,0,0,0,0,0,0,0,0,0,4095,4095,4095,4095,4095,4095,4095,4095,3276,3276,3276,3276,3276,
0,0,0,0,0,0,0,0,0,0,0,0,0,0,0,0,0,0,0,0,0,0,0,4095,4095,4095,4095,4095,4095,4095,4095,3003,3003,3003,3003,3003,
0,0,0,0,0,0,0,0,0,0,0,0,0,0,0,0,0,0,0,0,0,0,0,4095,4095,4095,4095,4095,4095,4095,4095,2730,2730,2730,2730,2730,
0,0,0,0,0,0,0,0,0,0,0,0,0,0,0,0,0,0,0,0,0,0,0,4095,4095,4095,4095,4095,4095,4095,4095,2457,2457,2457,2457,2457,
0,0,0,0,0,0,0,0,0,0,0,0,0,0,0,0,0,0,0,0,0,0,0,4095,4095,4095,4095,4095,4095,4095,4095,2184,2184,2184,2184,2184,
0,0,0,0,0,0,0,0,0,0,0,0,0,0,0,0,0,0,0,0,0,0,0,4095,4095,4095,4095,4095,4095,4095,4095,1911,1911,1911,1911,1911,
0,0,0,0,0,0,0,0,0,0,0,0,0,0,0,0,0,0,0,0,0,0,0,4095,4095,4095,4095,4095,4095,4095,4095,1638,1638,1638,1638,1638,
0,0,0,0,0,0,0,0,0,0,0,0,0,0,0,0,0,0,0,0,0,0,0,4095,4095,4095,4095,4095,4095,4095,4095,1365,1365,1365,1365,1365,
0,0,0,0,0,0,0,0,0,0,0,0,0,0,0,0,0,0,0,0,0,0,0,4095,4095,4095,4095,4095,4095,4095,4095,1092,1092,1092,1092,1092,
0,0,0,0,0,0,0,0,0,0,0,0,0,0,0,0,0,0,0,0,0,0,0,4095,4095,4095,4095,4095,4095,4095,4095,819,819,819,819,819,
0,0,0,0,0,0,0,0,0,0,0,0,0,0,0,0,0,0,0,0,0,0,0,4095,4095,4095,4095,4095,4095,4095,4095,546,546,546,546,546,
0,0,0,0,0,0,0,0,0,0,0,0,0,0,0,0,0,0,0,0,0,0,0,4095,4095,4095,4095,4095,4095,4095,4095,273,273,273,273,273,
0,0,0,0,0,0,0,0,0,0,0,0,0,0,0,0,0,0,0,0,0,0,0,4095,4095,4095,4095,4095,4095,4095,4095,0,0,0,0,0,
0,0,0,0,0,0,0,0,0,0,0,0,0,0,0,0,0,0,0,0,0,0,0,4095,4095,4095,4095,4095,4095,4095,4095,0,0,0,0,0,
0,0,0,0,0,0,0,0,0,0,0,0,0,0,0,0,0,0,0,0,0,0,0,4095,4095,4095,4095,4095,4095,4095,4095,0,0,0,0,0,
0,0,0,0,0,0,0,0,0,0,0,0,0,0,0,0,0,0,0,0,0,0,0,4095,4095,4095,4095,4095,4095,4095,4095,0,0,0,0,0,
0,0,0,0,0,0,0,0,0,0,0,0,0,0,0,0,0,0,0,0,0,0,0,4095,4095,4095,4095,4095,4095,4095,4095,0,0,0,0,0,
0,0,0,0,0,0,0,0,0,0,0,0,0,0,0,0,0,0,0,0,0,0,0,4095,4095,4095,4095,4095,4095,4095,4095,0,0,0,0,0,
0,0,0,0,0,0,0,0,0,0,0,0,0,0,0,0,0,0,0,0,0,0,0,4095,4095,4095,4095,4095,4095,4095,4095,0,0,0,0,0,
0,0,0,0,0,0,0,0,0,0,0,0,0,0,0,0,0,0,0,0,0,0,0,4095,4095,4095,4095,4095,4095,4095,4095,0,0,0,0,0,
0,0,0,0,0,0,0,0,0,0,0,0,0,0,0,0,0,0,0,0,0,0,0,4095,4095,4095,4095,4095,4095,4095,4095,0,0,0,0,0,
0,0,0,0,0,0,0,0,0,0,0,0,0,0,0,0,0,0,0,0,0,0,0,4095,4095,4095,4095,4095,4095,4095,4095,0,0,0,0,0,
0,0,0,0,0,0,0,0,0,0,0,0,0,0,0,0,0,0,0,0,0,0,0,4095,4095,4095,4095,4095,4095,4095,4095,0,0,0,0,0,
0,0,0,0,0,0,0,0,0,0,0,0,0,0,0,0,0,0,0,0,0,0,0,4095,4095,4095,4095,4095,4095,4095,4095,0,0,0,0,0,
0,0,0,0,0,0,0,0,0,0,0,0,0,0,0,0,0,0,0,0,0,0,0,4095,4095,4095,4095,4095,4095,4095,4095,0,0,0,0,0,
0,0,0,0,0,0,0,0,0,0,0,0,0,0,0,0,0,0,0,0,0,0,0,4095,4095,4095,4095,4095,4095,4095,4095,0,0,0,0,0,
0,0,0,0,0,0,0,0,0,0,0,0,0,0,0,0,0,0,0,0,0,0,0,4095,4095,4095,4095,4095,4095,4095,4095,0,0,0,0,0,
0,0,0,0,0,0,0,0,0,0,0,0,0,0,0,0,0,0,0,0,0,0,0,4095,4095,4095,4095,4095,4095,4095,4095,0,0,0,0,0,
0,0,0,0,0,0,0,0,0,0,0,0,0,0,0,0,0,0,0,0,0,0,0,4095,4095,4095,4095,4095,4095,4095,4095,0,0,0,0,0,
0,0,0,0,0,0,0,0,0,0,0,0,0,0,0,0,0,0,0,0,0,0,0,4095,4095,4095,4095,4095,4095,4095,4095,0,0,0,0,0,
4095,4095,4095,0,0,0,0,0,0,0,0,0,0,0,0,0,0,0,0,0,0,0,0,4095,4095,4095,4095,4095,4095,4095,4095,0,0,0,0,0,
3822,3822,3822,4095,4095,4095,0,0,0,0,0,0,0,0,0,0,0,0,0,0,0,0,0,0,0,4095,4095,4095,4095,4095,4095,0,0,0,0,0,
3549,3549,3549,3822,3822,3822,4095,4095,0,0,0,0,0,0,0,0,0,0,0,0,0,0,0,0,0,4095,4095,4095,4095,4095,4095,0,0,0,0,0,
3276,3276,3276,3549,3549,3549,3822,3822,4095,4095,4095,0,0,0,0,0,0,0,0,0,0,0,0,0,0,4095,4095,4095,4095,4095,4095,0,0,0,0,0,
3003,3003,3003,3276,3276,3276,3549,3549,3822,3822,3822,4095,4095,4095,0,0,0,0,0,0,0,0,0,0,0,4095,4095,4095,4095,4095,4095,0,0,0,0,0,
2730,2730,2730,3003,3003,3003,3276,3276,3549,3549,3549,3822,3822,3822,4095,4095,4095,4095,0,0,0,0,0,0,0,4095,4095,4095,4095,4095,4095,0,0,0,0,0,
2457,2457,2457,2730,2730,2730,3003,3003,3276,3276,3276,3549,3549,3549,3822,3822,3822,3822,4095,4095,0,0,0,0,0,4095,4095,4095,4095,4095,4095,0,0,0,0,0,
2184,2184,2184,2457,2457,2457,2730,2730,3003,3003,3003,3276,3276,3276,3549,3549,3549,3549,3822,3822,0,0,0,0,0,4095,4095,4095,4095,4095,4095,0,0,0,0,0,
1911,1911,1911,2184,2184,2184,2457,2457,2730,2730,2730,3003,3003,3003,3276,3276,3276,3276,3549,3549,0,0,0,0,0,4095,4095,4095,4095,4095,4095,0,0,0,0,0,
1638,1638,1638,1911,1911,1911,2184,2184,2457,2457,2457,2730,2730,2730,3003,3003,3003,3003,3276,3276,0,0,0,0,0,4095,4095,4095,4095,4095,4095,0,0,0,0,0,
1365,1365,1365,1638,1638,1638,1911,1911,2184,2184,2184,2457,2457,2457,2730,2730,2730,2730,3003,3003,0,0,0,0,0,4095,4095,4095,4095,4095,4095,0,0,0,0,0,
1092,1092,1092,1365,1365,1365,1638,1638,1911,1911,1911,2184,2184,2184,2457,2457,2457,2457,2730,2730,0,0,0,0,0,4095,4095,4095,4095,4095,4095,0,0,0,0,0,
819,819,819,1092,1092,1092,1365,1365,1638,1638,1638,1911,1911,1911,2184,2184,2184,2184,2457,2457,0,0,0,0,0,4095,4095,4095,4095,4095,4095,0,0,0,0,0,
546,546,546,819,819,819,1092,1092,1365,1365,1365,1638,1638,1638,1911,1911,1911,1911,2184,2184,0,0,0,0,0,4095,4095,4095,4095,4095,4095,0,0,0,0,0,
273,273,273,546,546,546,819,819,1092,1092,1092,1365,1365,1365,1638,1638,1638,1638,1911,1911,0,0,0,0,0,4095,4095,4095,4095,4095,4095,0,0,0,0,0,
0,0,0,273,273,273,546,546,819,819,819,1092,1092,1092,1365,1365,1365,1365,1638,1638,0,0,0,0,0,4095,4095,4095,4095,4095,4095,0,0,0,0,0,
0,0,0,0,0,0,273,273,546,546,546,819,819,819,1092,1092,1092,1092,1365,1365,0,0,0,0,0,4095,4095,4095,4095,4095,4095,0,0,0,0,0,
0,0,0,0,0,0,0,0,273,273,273,546,546,546,819,819,819,819,1092,1092,0,0,0,0,0,4095,4095,4095,4095,4095,4095,0,0,0,0,0,
0,0,0,0,0,0,0,0,0,0,0,273,273,273,546,546,546,546,819,819,0,0,0,0,0,4095,4095,4095,4095,4095,4095,0,0,0,0,0,
0,0,0,0,0,0,0,0,0,0,0,0,0,0,273,273,273,273,546,546,0,0,0,0,0,0,0,4095,4095,4095,4095,0,0,0,0,0,
0,0,0,0,0,0,0,0,0,0,0,0,0,0,0,0,0,0,273,273,0,0,0,0,0,0,0,4095,4095,4095,4095,0,0,0,0,0,
0,0,0,0,0,0,0,0,0,0,0,0,0,0,0,0,0,0,0,0,0,0,0,0,0,0,0,4095,4095,4095,4095,0,0,0,0,0,
0,0,0,0,0,0,0,0,0,0,0,0,0,0,0,0,0,0,0,0,0,0,0,0,0,0,0,4095,4095,4095,4095,0,0,0,0,0,
0,0,0,0,0,0,0,0,0,0,0,0,0,0,0,0,0,0,0,0,0,0,0,0,0,0,0,4095,4095,4095,4095,0,0,0,0,0,
0,0,0,0,0,0,0,0,0,0,0,0,0,0,0,0,0,0,0,0,0,0,0,0,0,0,0,4095,4095,4095,4095,0,0,0,0,0,
0,0,0,0,0,0,0,0,0,0,0,0,0,0,0,0,0,0,0,0,0,0,0,0,0,0,0,4095,4095,4095,4095,0,0,0,0,0,
0,0,0,0,0,0,0,0,0,0,0,0,0,0,0,0,0,0,0,0,0,0,0,0,0,0,0,4095,4095,4095,4095,0,0,0,0,0,
0,0,0,0,0,0,0,0,0,0,0,0,0,0,0,0,0,0,0,0,0,0,0,0,0,0,0,4095,4095,4095,4095,0,0,0,0,0,
0,0,0,0,0,0,0,0,0,0,0,0,0,0,0,0,0,0,0,0,0,0,0,0,0,0,0,4095,4095,4095,4095,0,0,0,0,0,
0,0,0,0,0,0,0,0,0,0,0,0,0,0,0,0,0,0,0,0,0,0,0,0,0,0,0,4095,4095,4095,4095,0,0,0,0,0,
0,0,0,0,0,0,0,0,0,0,0,0,0,0,0,0,0,0,0,0,0,0,0,0,0,0,0,4095,4095,4095,4095,0,0,0,0,0,
0,0,0,0,0,0,0,0,0,0,0,0,0,0,0,0,0,0,0,0,0,0,0,0,0,0,0,4095,4095,4095,4095,0,0,0,0,0,
0,0,0,0,0,0,0,0,0,0,0,0,0,0,0,0,0,0,0,0,0,0,0,0,0,0,0,4095,4095,4095,4095,0,0,0,0,0,
0,0,0,0,0,0,0,0,0,0,0,0,0,0,0,0,0,0,0,0,0,0,0,0,0,0,0,4095,4095,4095,4095,4095,4095,4095,4095,4095,
0,0,0,0,0,0,0,0,0,0,0,0,0,0,0,0,0,0,0,0,0,0,0,0,0,0,0,4095,4095,4095,4095,3822,3822,3822,3822,3822,
0,0,0,0,0,0,0,0,0,0,0,0,0,0,0,0,0,0,0,0,0,0,0,0,0,0,0,4095,4095,4095,4095,3549,3549,3549,3549,3549,
0,0,0,0,0,0,0,0,0,0,0,0,0,0,0,0,0,0,0,0,0,0,0,0,0,0,0,4095,4095,4095,4095,3276,3276,3276,3276,3276,
0,0,0,0,0,0,0,0,0,0,0,0,0,0,0,0,0,0,0,0,0,0,0,0,0,0,0,4095,4095,4095,4095,3003,3003,3003,3003,3003,
0,0,0,0,0,0,0,0,0,0,0,0,0,0,0,0,0,0,0,0,0,0,0,0,0,0,0,4095,4095,4095,4095,2730,2730,2730,2730,2730,
0,0,0,0,0,0,0,0,0,0,0,0,0,0,0,0,0,0,0,0,0,0,0,0,0,0,0,4095,4095,4095,4095,2457,2457,2457,2457,2457,
0,0,0,0,0,0,0,0,0,0,0,0,0,0,0,0,0,0,0,0,0,0,0,0,0,0,0,4095,4095,4095,4095,2184,2184,2184,2184,2184,
0,0,0,0,0,0,0,0,0,0,0,0,0,0,0,0,0,0,0,0,0,0,0,0,0,0,0,4095,4095,4095,4095,1911,1911,1911,1911,1911,
0,0,0,0,0,0,0,0,0,0,0,0,0,0,0,0,0,0,0,0,0,0,0,0,0,0,0,4095,4095,4095,4095,1638,1638,1638,1638,1638,
0,0,0,0,0,0,0,0,0,0,0,0,0,0,0,0,0,0,0,0,0,0,0,0,0,0,0,4095,4095,4095,4095,1365,1365,1365,1365,1365,
0,0,0,0,0,0,0,0,0,0,0,0,0,0,0,0,0,0,0,0,0,0,0,0,0,0,0,4095,4095,4095,4095,1092,1092,1092,1092,1092,
0,0,0,0,0,0,0,0,0,0,0,0,0,0,0,0,0,0,0,0,0,0,0,0,0,0,0,4095,4095,4095,4095,819,819,819,819,819,
0,0,0,0,0,0,0,0,0,0,0,0,0,0,0,0,0,0,0,0,0,0,0,0,0,0,0,4095,4095,4095,4095,546,546,546,546,546,
0,0,0,0,0,0,0,0,0,0,0,0,0,0,0,0,0,0,0,0,0,0,0,0,0,0,0,4095,4095,4095,4095,273,273,273,273,273,
0,0,0,0,0,0,0,0,0,0,0,0,0,0,0,0,0,0,0,0,0,0,0,0,0,0,0,4095,4095,4095,4095,0,0,0,0,0,
0,0,0,0,0,0,0,0,0,0,0,0,0,0,0,0,0,0,0,0,0,0,0,0,0,0,0,4095,4095,4095,4095,0,0,0,0,0,
0,0,0,0,0,0,0,0,0,0,0,0,0,0,0,0,0,0,0,0,0,0,0,0,0,0,0,4095,4095,4095,4095,0,0,0,0,0,
0,0,0,0,0,0,0,0,0,0,0,0,0,0,0,0,0,0,0,0,0,0,0,0,0,0,0,4095,4095,4095,4095,0,0,0,0,0,
0,0,0,0,0,0,0,0,0,0,0,0,0,0,0,0,0,0,0,0,0,0,0,0,0,0,0,4095,4095,4095,4095,0,0,0,0,0,
0,0,0,0,0,0,0,0,0,0,0,0,0,0,0,0,0,0,0,0,0,0,0,0,0,0,0,4095,4095,4095,4095,0,0,0,0,0,
0,0,0,0,0,0,0,0,0,0,0,0,0,0,0,0,0,0,0,0,0,0,0,0,0,0,0,4095,4095,4095,4095,0,0,0,0,0,
0,0,0,0,0,0,0,0,0,0,0,0,0,0,0,0,0,0,0,0,0,0,0,0,0,0,0,4095,4095,4095,4095,0,0,0,0,0,
0,0,0,0,0,0,0,0,0,0,0,0,0,0,0,0,0,0,0,0,0,0,0,0,0,0,0,4095,4095,4095,4095,0,0,0,0,0,
0,0,0,0,0,0,0,0,0,0,0,0,0,0,0,0,0,0,0,0,0,0,0,0,0,0,0,4095,4095,4095,4095,0,0,0,0,0,
0,0,0,0,0,0,0,0,0,0,0,0,0,0,0,0,0,0,0,0,0,0,0,0,0,0,0,4095,4095,4095,4095,0,0,0,0,0,
0,0,0,0,0,0,0,0,0,0,0,0,0,0,0,0,0,0,0,0,0,0,0,0,0,0,0,4095,4095,4095,4095,0,0,0,0,0,
0,0,0,0,0,0,0,0,0,0,0,0,0,0,0,0,0,0,0,0,0,0,0,0,0,0,0,4095,4095,4095,4095,0,0,0,0,0,
0,0,0,0,0,0,0,0,0,0,0,0,0,0,0,0,0,0,0,0,0,0,0,0,0,0,0,4095,4095,4095,4095,0,0,0,0,0,
0,0,0,0,0,0,0,0,0,0,0,0,0,0,0,0,0,0,0,0,0,0,0,0,0,0,0,4095,4095,4095,4095,0,0,0,0,0,
0,0,0,0,0,0,0,0,0,0,0,0,0,0,0,0,0,0,0,0,0,0,0,0,0,0,0,4095,4095,4095,4095,0,0,0,0,0,
0,0,0,0,0,0,0,0,0,0,0,0,0,0,0,0,0,0,0,0,0,0,0,0,0,0,0,4095,4095,4095,4095,0,0,0,0,0,
0,0,0,0,0,0,0,0,0,0,0,0,0,0,0,0,0,0,0,0,0,0,0,0,0,0,0,4095,4095,4095,4095,0,0,0,0,0,
4095,4095,0,0,0,0,0,0,0,0,0,0,0,0,0,0,0,0,0,0,0,0,0,0,0,0,0,4095,4095,4095,4095,0,0,0,0,0,
3822,3822,4095,4095,4095,0,0,0,0,0,0,0,0,0,0,0,0,0,0,0,0,0,0,0,0,4095,4095,4095,4095,4095,4095,0,0,0,0,0,
3549,3549,3822,3822,3822,4095,4095,0,0,0,0,0,0,0,0,0,0,0,0,0,0,0,0,0,0,4095,4095,4095,4095,4095,4095,0,0,0,0,0,
3276,3276,3549,3549,3549,3822,3822,4095,4095,4095,0,0,0,0,0,0,0,0,0,0,0,0,0,0,0,4095,4095,4095,4095,4095,4095,0,0,0,0,0,
3003,3003,3276,3276,3276,3549,3549,3822,3822,3822,4095,4095,4095,4095,0,0,0,0,0,0,0,0,0,0,0,4095,4095,4095,4095,4095,4095,0,0,0,0,0,
2730,2730,3003,3003,3003,3276,3276,3549,3549,3549,3822,3822,3822,3822,4095,4095,4095,0,0,0,0,0,0,0,0,4095,4095,4095,4095,4095,4095,0,0,0,0,0,
2457,2457,2730,2730,2730,3003,3003,3276,3276,3276,3549,3549,3549,3549,3822,3822,3822,4095,4095,4095,0,0,0,0,0,4095,4095,4095,4095,4095,4095,0,0,0,0,0,
2184,2184,2457,2457,2457,2730,2730,3003,3003,3003,3276,3276,3276,3276,3549,3549,3549,3822,3822,3822,0,0,0,0,0,4095,4095,4095,4095,4095,4095,0,0,0,0,0,
1911,1911,2184,2184,2184,2457,2457,2730,2730,2730,3003,3003,3003,3003,3276,3276,3276,3549,3549,3549,0,0,0,0,0,4095,4095,4095,4095,4095,4095,0,0,0,0,0,
1638,1638,1911,1911,1911,2184,2184,2457,2457,2457,2730,2730,2730,2730,3003,3003,3003,3276,3276,3276,0,0,0,0,0,4095,4095,4095,4095,4095,4095,0,0,0,0,0,
1365,1365,1638,1638,1638,1911,1911,2184,2184,2184,2457,2457,2457,2457,2730,2730,2730,3003,3003,3003,0,0,0,0,0,4095,4095,4095,4095,4095,4095,0,0,0,0,0,
1092,1092,1365,1365,1365,1638,1638,1911,1911,1911,2184,2184,2184,2184,2457,2457,2457,2730,2730,2730,0,0,0,0,0,4095,4095,4095,4095,4095,4095,0,0,0,0,0,
819,819,1092,1092,1092,1365,1365,1638,1638,1638,1911,1911,1911,1911,2184,2184,2184,2457,2457,2457,0,0,0,0,0,4095,4095,4095,4095,4095,4095,0,0,0,0,0,
546,546,819,819,819,1092,1092,1365,1365,1365,1638,1638,1638,1638,1911,1911,1911,2184,2184,2184,0,0,0,0,0,4095,4095,4095,4095,4095,4095,0,0,0,0,0,
273,273,546,546,546,819,819,1092,1092,1092,1365,1365,1365,1365,1638,1638,1638,1911,1911,1911,0,0,0,0,0,4095,4095,4095,4095,4095,4095,0,0,0,0,0,
0,0,273,273,273,546,546,819,819,819,1092,1092,1092,1092,1365,1365,1365,1638,1638,1638,0,0,0,0,0,4095,4095,4095,4095,4095,4095,0,0,0,0,0,
0,0,0,0,0,273,273,546,546,546,819,819,819,819,1092,1092,1092,1365,1365,1365,0,0,0,0,0,4095,4095,4095,4095,4095,4095,0,0,0,0,0,
0,0,0,0,0,0,0,273,273,273,546,546,546,546,819,819,819,1092,1092,1092,0,0,0,0,0,4095,4095,4095,4095,4095,4095,0,0,0,0,0,
0,0,0,0,0,0,0,0,0,0,273,273,273,273,546,546,546,819,819,819,0,0,0,0,0,4095,4095,4095,4095,4095,4095,0,0,0,0,0,
0,0,0,0,0,0,0,0,0,0,0,0,0,0,273,273,273,546,546,546,0,0,0,4095,4095,4095,4095,4095,4095,4095,4095,0,0,0,0,0,
0,0,0,0,0,0,0,0,0,0,0,0,0,0,0,0,0,273,273,273,0,0,0,4095,4095,4095,4095,4095,4095,4095,4095,0,0,0,0,0,
0,0,0,0,0,0,0,0,0,0,0,0,0,0,0,0,0,0,0,0,0,0,0,4095,4095,4095,4095,4095,4095,4095,4095,0,0,0,0,0,
0,0,0,0,0,0,0,0,0,0,0,0,0,0,0,0,0,0,0,0,0,0,0,4095,4095,4095,4095,4095,4095,4095,4095,0,0,0,0,0,
0,0,0,0,0,0,0,0,0,0,0,0,0,0,0,0,0,0,0,0,0,0,0,4095,4095,4095,4095,4095,4095,4095,4095,0,0,0,0,0,
0,0,0,0,0,0,0,0,0,0,0,0,0,0,0,0,0,0,0,0,0,0,0,4095,4095,4095,4095,4095,4095,4095,4095,0,0,0,0,0,
0,0,0,0,0,0,0,0,0,0,0,0,0,0,0,0,0,0,0,0,0,0,0,4095,4095,4095,4095,4095,4095,4095,4095,0,0,0,0,0,
0,0,0,0,0,0,0,0,0,0,0,0,0,0,0,0,0,0,0,0,0,0,0,4095,4095,4095,4095,4095,4095,4095,4095,0,0,0,0,0,
0,0,0,0,0,0,0,0,0,0,0,0,0,0,0,0,0,0,0,0,0,0,0,4095,4095,4095,4095,4095,4095,4095,4095,0,0,0,0,0,
0,0,0,0,0,0,0,0,0,0,0,0,0,0,0,0,0,0,0,0,0,0,0,4095,4095,4095,4095,4095,4095,4095,4095,0,0,0,0,0,
0,0,0,0,0,0,0,0,0,0,0,0,0,0,0,0,0,0,0,0,0,0,0,4095,4095,4095,4095,4095,4095,4095,4095,0,0,0,0,0,
0,0,0,0,0,0,0,0,0,0,0,0,0,0,0,0,0,0,0,0,0,0,0,4095,4095,4095,4095,4095,4095,4095,4095,0,0,0,0,0,
0,0,0,0,0,0,0,0,0,0,0,0,0,0,0,0,0,0,0,0,0,0,0,4095,4095,4095,4095,4095,4095,4095,4095,0,0,0,0,0,
0,0,0,0,0,0,0,0,0,0,0,0,0,0,0,0,0,0,0,0,0,0,0,4095,4095,4095,4095,4095,4095,4095,4095,0,0,0,0,0,
0,0,0,0,0,0,0,0,0,0,0,0,0,0,0,0,0,0,0,0,0,0,0,4095,4095,4095,4095,4095,4095,4095,4095,0,0,0,0,0,
0,0,0,0,0,0,0,0,0,0,0,0,0,0,0,0,0,0,0,0,0,0,0,4095,4095,4095,4095,4095,4095,4095,4095,4095,4095,4095,4095,4095,
0,0,0,0,0,0,0,0,0,0,0,0,0,0,0,0,0,0,0,0,0,0,0,4095,4095,4095,4095,4095,4095,4095,4095,3822,3822,3822,3822,3822,
0,0,0,0,0,0,0,0,0,0,0,0,0,0,0,0,0,0,0,0,0,0,0,4095,4095,4095,4095,4095,4095,4095,4095,3549,3549,3549,3549,3549,
0,0,0,0,0,0,0,0,0,0,0,0,0,0,0,0,0,0,0,0,0,0,0,0,0,0,0,0,0,0,0,3276,3276,3276,3276,3276,
0,0,0,0,0,0,0,0,0,0,0,0,0,0,0,0,0,0,0,0,0,0,0,0,0,0,0,0,0,0,0,3003,3003,3003,3003,3003,
0,0,0,0,0,0,0,0,0,0,0,0,0,0,0,0,0,0,0,0,0,0,0,0,0,0,0,0,0,0,0,2730,2730,2730,2730,2730,
0,0,0,0,0,0,0,0,0,0,0,0,0,0,0,0,0,0,0,0,0,0,0,0,0,0,0,0,0,0,0,2457,2457,2457,2457,2457,
0,0,0,0,0,0,0,0,0,0,0,0,0,0,0,0,0,0,0,0,0,0,0,0,0,0,0,0,0,0,0,2184,2184,2184,2184,2184,
0,0,0,0,0,0,0,0,0,0,0,0,0,0,0,0,0,0,0,0,0,0,0,0,0,0,0,0,0,0,0,1911,1911,1911,1911,1911,
0,0,0,0,0,0,0,0,0,0,0,0,0,0,0,0,0,0,0,0,0,0,0,0,0,0,0,0,0,0,0,1638,1638,1638,1638,1638,
0,0,0,0,0,0,0,0,0,0,0,0,0,0,0,0,0,0,0,0,0,0,0,0,0,0,0,0,0,0,0,1365,1365,1365,1365,1365,
0,0,0,0,0,0,0,0,0,0,0,0,0,0,0,0,0,0,0,0,0,0,0,0,0,0,0,0,0,0,0,1092,1092,1092,1092,1092,
0,0,0,0,0,0,0,0,0,0,0,0,0,0,0,0,0,0,0,0,3276,3276,3276,3276,0,0,0,0,0,0,0,819,819,819,819,819,
0,0,0,0,0,0,0,0,0,0,0,0,0,0,0,0,0,0,0,0,3094,3094,3094,3094,0,0,0,0,0,0,0,546,546,546,546,546,
0,0,0,0,0,0,0,0,0,0,0,0,0,0,0,0,0,0,0,0,2912,2912,2912,2912,0,0,0,0,0,0,0,273,273,273,273,273,
0,0,0,0,0,0,0,0,0,0,0,0,0,0,0,0,0,0,0,0,2730,2730,2730,2730,0,0,0,0,0,0,0,0,0,0,0,0,
0,0,0,0,0,0,0,0,0,0,0,0,0,0,0,0,0,0,0,0,2548,2548,2548,2548,0,0,0,0,0,0,0,0,0,0,0,0,
0,0,0,0,0,0,0,0,0,0,0,0,0,0,0,0,0,0,0,0,2366,2366,2366,2366,0,0,0,0,0,0,0,0,0,0,0,0,
0,0,0,0,0,0,0,0,0,0,0,0,0,0,0,0,0,0,0,0,2184,2184,2184,2184,0,0,0,0,0,0,0,0,0,0,0,0,
0,0,0,0,0,0,0,0,0,0,0,0,0,0,0,0,0,0,0,0,2002,2002,2002,2002,0,0,0,0,0,0,0,0,0,0,0,0,
0,0,0,0,0,0,0,0,0,0,0,0,0,0,0,0,0,0,0,0,1820,1820,1820,1820,0,0,0,0,0,0,0,0,0,0,0,0,
0,0,0,0,0,0,0,0,0,0,0,0,0,0,0,0,0,0,0,0,1638,1638,1638,1638,0,0,0,0,0,0,0,0,0,0,0,0,
0,0,0,0,0,0,0,0,0,0,0,0,0,0,0,0,0,0,0,0,1456,1456,1456,1456,0,0,0,0,0,0,0,0,0,0,0,0,
0,0,0,0,0,0,0,0,0,0,0,0,0,0,0,0,0,0,0,0,1274,1274,1274,1274,0,0,0,0,0,0,0,0,0,0,0,0,
0,0,0,0,0,0,0,0,0,0,0,0,0,0,0,0,0,0,0,0,1092,1092,1092,1092,0,0,0,0,0,0,0,0,0,0,0,0,
0,0,0,0,0,0,0,0,0,0,0,0,0,0,0,0,0,0,0,0,910,910,910,910,0,0,0,0,0,0,0,0,0,0,0,0,
0,0,0,0,0,0,0,0,0,0,0,0,0,0,0,0,0,0,0,0,728,728,728,728,0,0,0,0,0,0,0,0,0,0,0,0,
0,0,0,0,0,0,0,0,0,0,0,0,0,0,0,0,0,0,0,0,546,546,546,546,0,0,0,0,0,0,0,0,0,0,0,0,
0,0,0,0,0,0,0,0,0,0,0,0,0,0,0,0,0,0,0,0,364,364,364,364,0,0,0,0,0,0,0,0,0,0,0,0,
0,0,0,0,0,0,0,0,0,0,0,0,0,0,0,0,0,0,0,0,182,182,182,182,0,0,0,0,0,0,0,0,0,0,0,0,
0,0,0,0,0,0,0,0,0,0,0,0,0,0,0,0,0,0,0,0,0,0,0,0,3276,3276,3276,0,0,0,0,0,0,0,0,0,
0,0,0,0,0,0,0,0,0,0,0,0,0,0,0,0,0,0,0,0,0,0,0,0,3094,3094,3094,0,0,0,0,0,0,0,0,0,
0,0,0,0,0,0,0,0,0,0,0,0,0,0,0,0,0,0,0,0,0,0,0,0,2912,2912,2912,0,0,0,0,0,0,0,0,0,
4095,4095,4095,0,0,0,0,0,0,0,0,0,0,0,0,0,0,0,0,0,0,0,0,0,2730,2730,2730,0,0,0,0,0,0,0,0,0,
3822,3822,3822,4095,4095,4095,0,0,0,0,0,0,0,0,0,0,0,0,0,0,0,0,0,0,2548,2548,2548,0,0,0,0,0,0,0,0,0,
3549,3549,3549,3822,3822,3822,4095,4095,4095,0,0,0,0,0,0,0,0,0,0,0,0,0,0,0,2366,2366,2366,0,0,0,0,0,0,0,0,0,
3276,3276,3276,3549,3549,3549,3822,3822,3822,4095,4095,4095,0,0,0,0,0,0,0,0,0,0,0,0,2184,2184,2184,0,0,0,0,0,0,0,0,0,
3003,3003,3003,3276,3276,3276,3549,3549,3549,3822,3822,3822,4095,4095,4095,0,0,0,0,0,0,0,0,0,2002,2002,2002,0,0,0,0,0,0,0,0,0,
2730,2730,2730,3003,3003,3003,3276,3276,3276,3549,3549,3549,3822,3822,3822,4095,4095,4095,4095,0,0,0,0,0,1820,1820,1820,0,0,0,0,0,0,0,0,0,
2457,2457,2457,2730,2730,2730,3003,3003,3003,3276,3276,3276,3549,3549,3549,3822,3822,3822,3822,4095,0,0,0,0,1638,1638,1638,0,0,0,0,0,0,0,0,0,
2184,2184,2184,2457,2457,2457,2730,2730,2730,3003,3003,3003,3276,3276,3276,3549,3549,3549,3549,3822,0,0,0,0,1456,1456,1456,0,0,0,0,0,0,0,0,0,
1911,1911,1911,2184,2184,2184,2457,2457,2457,2730,2730,2730,3003,3003,3003,3276,3276,3276,3276,3549,0,0,0,0,1274,1274,1274,0,0,0,0,0,0,0,0,0,
1638,1638,1638,1911,1911,1911,2184,2184,2184,2457,2457,2457,2730,2730,2730,3003,3003,3003,3003,3276,0,0,0,0,1092,1092,1092,0,0,0,0,0,0,0,0,0,
1365,1365,1365,1638,1638,1638,1911,1911,1911,2184,2184,2184,2457,2457,2457,2730,2730,2730,2730,3003,0,0,0,0,910,910,910,0,0,0,0,0,0,0,0,0,
1092,1092,1092,1365,1365,1365,1638,1638,1638,1911,1911,1911,2184,2184,2184,2457,2457,2457,2457,2730,0,0,0,0,728,728,728,0,0,0,0,0,0,0,0,0,
819,819,819,1092,1092,1092,1365,1365,1365,1638,1638,1638,1911,1911,1911,2184,2184,2184,2184,2457,0,0,0,0,546,546,546,0,0,0,0,0,0,0,0,0,
546,546,546,819,819,819,1092,1092,1092,1365,1365,1365,1638,1638,1638,1911,1911,1911,1911,2184,0,0,0,0,364,364,364,0,0,0,0,0,0,0,0,0,
273,273,273,546,546,546,819,819,819,1092,1092,1092,1365,1365,1365,1638,1638,1638,1638,1911,0,0,0,0,182,182,182,0,0,0,0,0,0,0,0,0,
0,0,0,273,273,273,546,546,546,819,819,819,1092,1092,1092,1365,1365,1365,1365,1638,0,0,0,0,0,0,0,3276,3276,3276,3276,0,0,0,0,0,
0,0,0,0,0,0,273,273,273,546,546,546,819,819,819,1092,1092,1092,1092,1365,0,0,0,0,0,0,0,3094,3094,3094,3094,0,0,0,0,0,
0,0,0,0,0,0,0,0,0,273,273,273,546,546,546,819,819,819,819,1092,0,0,0,0,0,0,0,2912,2912,2912,2912,0,0,0,0,0,
0,0,0,0,0,0,0,0,0,0,0,0,273,273,273,546,546,546,546,819,0,0,0,0,0,0,0,2730,2730,2730,2730,0,0,0,0,0,
0,0,0,0,0,0,0,0,0,0,0,0,0,0,0,273,273,273,273,546,0,0,0,0,0,0,0,2548,2548,2548,2548,0,0,0,0,0,
0,0,0,0,0,0,0,0,0,0,0,0,0,0,0,0,0,0,0,273,0,0,0,0,0,0,0,2366,2366,2366,2366,0,0,0,0,0,
0,0,0,0,0,0,0,0,0,0,0,0,0,0,0,0,0,0,0,0,0,0,0,0,0,0,0,2184,2184,2184,2184,0,0,0,0,0,
0,0,0,0,0,0,0,0,0,0,0,0,0,0,0,0,0,0,0,0,0,0,0,0,0,0,0,2002,2002,2002,2002,0,0,0,0,0,
0,0,0,0,0,0,0,0,0,0,0,0,0,0,0,0,0,0,0,0,0,0,0,0,0,0,0,1820,1820,1820,1820,0,0,0,0,0,
0,0,0,0,0,0,0,0,0,0,0,0,0,0,0,0,0,0,0,0,0,0,0,0,0,0,0,1638,1638,1638,1638,0,0,0,0,0,
0,0,0,0,0,0,0,0,0,0,0,0,0,0,0,0,0,0,0,0,0,0,0,0,0,0,0,1456,1456,1456,1456,0,0,0,0,0,
0,0,0,0,0,0,0,0,0,0,0,0,0,0,0,0,0,0,0,0,0,0,0,0,0,0,0,1274,1274,1274,1274,0,0,0,0,0,
0,0,0,0,0,0,0,0,0,0,0,0,0,0,0,0,0,0,0,0,0,0,0,0,0,0,0,1092,1092,1092,1092,0,0,0,0,0,
0,0,0,0,0,0,0,0,0,0,0,0,0,0,0,0,0,0,0,0,0,0,0,0,0,0,0,910,910,910,910,0,0,0,0,0,
0,0,0,0,0,0,0,0,0,0,0,0,0,0,0,0,0,0,0,0,0,0,0,0,0,0,0,728,728,728,728,0,0,0,0,0,
0,0,0,0,0,0,0,0,0,0,0,0,0,0,0,0,0,0,0,0,0,0,0,0,0,0,0,546,546,546,546,0,0,0,0,0,
0,0,0,0,0,0,0,0,0,0,0,0,0,0,0,0,0,0,0,0,0,0,0,0,0,0,0,364,364,364,364,0,0,0,0,0,
0,0,0,0,0,0,0,0,0,0,0,0,0,0,0,0,0,0,0,0,0,0,0,0,0,0,0,182,182,182,182,0,0,0,0,0,
4095,4095,4095,4095,4095,4095,4095,4095,4095,4095,4095,4095,4095,4095,4095,4095,4095,4095,4095,4095,4095,4095,4095,4095,4095,4095,4095,4095,4095,4095,4095,4095,4095,4095,4095,4095,
3868,3868,3868,3868,3868,3868,3868,3868,3868,3868,3868,3868,3868,3868,3868,3868,3868,3868,3868,3868,3868,3868,3868,3868,3868,3868,3868,3868,3868,3868,3868,3868,3868,3868,3868,3868,
3640,3640,3640,3640,3640,3640,3640,3640,3640,3640,3640,3640,3640,3640,3640,3640,3640,3640,3640,3640,3640,3640,3640,3640,3640,3640,3640,3640,3640,3640,3640,3640,3640,3640,3640,3640,
3413,3413,3413,3413,3413,3413,3413,3413,3413,3413,3413,3413,3413,3413,3413,3413,3413,3413,3413,3413,3413,3413,3413,3413,3413,3413,3413,3413,3413,3413,3413,3413,3413,3413,3413,3413,
3185,3185,3185,3185,3185,3185,3185,3185,3185,3185,3185,3185,3185,3185,3185,3185,3185,3185,3185,3185,3185,3185,3185,3185,3185,3185,3185,3185,3185,3185,3185,3185,3185,3185,3185,3185,
2958,2958,2958,2958,2958,2958,2958,2958,2958,2958,2958,2958,2958,2958,2958,2958,2958,2958,2958,2958,2958,2958,2958,2958,2958,2958,2958,2958,2958,2958,2958,2958,2958,2958,2958,2958,
2730,2730,2730,2730,2730,2730,2730,2730,2730,2730,2730,2730,2730,2730,2730,2730,2730,2730,2730,2730,2730,2730,2730,2730,2730,2730,2730,2730,2730,2730,2730,2730,2730,2730,2730,2730,
2503,2503,2503,2503,2503,2503,2503,2503,2503,2503,2503,2503,2503,2503,2503,2503,2503,2503,2503,2503,2503,2503,2503,2503,2503,2503,2503,2503,2503,2503,2503,2503,2503,2503,2503,2503,
2275,2275,2275,2275,2275,2275,2275,2275,2275,2275,2275,2275,2275,2275,2275,2275,2275,2275,2275,2275,2275,2275,2275,2275,2275,2275,2275,2275,2275,2275,2275,2275,2275,2275,2275,2275,
2048,2048,2048,2048,2048,2048,2048,2048,2048,2048,2048,2048,2048,2048,2048,2048,2048,2048,2048,2048,2048,2048,2048,2048,2048,2048,2048,2048,2048,2048,2048,2048,2048,2048,2048,2048,
1820,1820,1820,1820,1820,1820,1820,1820,1820,1820,1820,1820,1820,1820,1820,1820,1820,1820,1820,1820,1820,1820,1820,1820,1820,1820,1820,1820,1820,1820,1820,1820,1820,1820,1820,1820,
1593,1593,1593,1593,1593,1593,1593,1593,1593,1593,1593,1593,1593,1593,1593,1593,1593,1593,1593,1593,1593,1593,1593,1593,1593,1593,1593,1593,1593,1593,1593,1593,1593,1593,1593,1593,
1365,1365,1365,1365,1365,1365,1365,1365,1365,1365,1365,1365,1365,1365,1365,1365,1365,1365,1365,1365,1365,1365,1365,1365,1365,1365,1365,1365,1365,1365,1365,1365,1365,1365,1365,1365,
1138,1138,1138,1138,1138,1138,1138,1138,1138,1138,1138,1138,1138,1138,1138,1138,1138,1138,1138,1138,1138,1138,1138,1138,1138,1138,1138,1138,1138,1138,1138,1138,1138,1138,1138,1138,
910,910,910,910,910,910,910,910,910,910,910,910,910,910,910,910,910,910,910,910,910,910,910,910,910,910,910,910,910,910,910,910,910,910,910,910,
683,683,683,683,683,683,683,683,683,683,683,683,683,683,683,683,683,683,683,683,683,683,683,683,683,683,683,683,683,683,683,683,683,683,683,683,
455,455,455,455,455,455,455,455,455,455,455,455,455,455,455,455,455,455,455,455,455,455,455,455,455,455,455,455,455,455,455,455,455,455,455,455,
228,228,228,228,228,228,228,228,228,228,228,228,228,228,228,228,228,228,228,228,228,228,228,228,228,228,228,228,228,228,228,228,228,228,228,228,
0,0,0,0,0,0,0,0,0,0,0,0,0,0,0,0,0,0,0,0,0,0,0,0,0,0,0,0,0,0,0,0,0,0,0,0,
0,0,0,0,0,0,0,0,0,0,0,0,0,0,0,0,0,0,0,0,0,0,0,0,0,0,0,0,0,0,0,0,0,0,0,0,
0,0,0,0,0,0,0,0,0,0,0,0,0,0,0,0,0,0,0,0,0,0,0,0,0,0,0,0,0,0,0,0,0,0,0,0,
0,0,0,0,0,0,0,0,0,0,0,0,0,0,0,0,0,0,0,0,0,0,0,0,0,0,0,0,0,0,0,0,0,0,0,0,
0,0,0,0,0,0,0,0,0,0,0,0,0,0,0,0,0,0,0,0,0,0,0,0,0,0,0,0,0,0,0,0,0,0,0,0,
0,0,0,0,0,0,0,0,0,0,0,0,0,0,0,0,0,0,0,0,0,0,0,0,0,0,0,0,0,0,0,0,0,0,0,0,
0,0,0,0,0,0,0,0,0,0,0,0,0,0,0,0,0,0,0,0,0,0,0,0,0,0,0,0,0,0,0,0,0,0,0,0,
0,0,0,0,0,0,0,0,0,0,0,0,0,0,0,0,0,0,0,0,0,0,0,0,0,0,0,0,0,0,0,0,0,0,0,0,
0,0,0,0,0,0,0,0,0,0,0,0,0,0,0,0,0,0,0,0,0,0,0,0,0,0,0,0,0,0,0,0,0,0,0,0,
0,0,0,0,0,0,0,0,0,0,0,0,0,0,0,0,0,0,0,0,0,0,0,0,0,0,0,0,0,0,0,0,0,0,0,0,
0,0,0,0,0,0,0,0,0,0,0,0,0,0,0,0,0,0,0,0,0,0,0,0,0,0,0,0,0,0,0,0,0,0,0,0,
0,0,0,0,0,0,0,0,0,0,0,0,0,0,0,0,0,0,0,0,0,0,0,0,0,0,0,0,0,0,0,0,0,0,0,0,
0,0,0,0,0,0,0,0,0,0,0,0,0,0,0,0,0,0,0,0,0,0,0,0,0,4095,4095,4095,4095,4095,4095,0,0,0,0,0,
0,0,0,0,0,0,0,0,0,0,0,0,0,0,0,0,0,0,0,0,0,0,0,0,0,4095,4095,4095,4095,4095,4095,0,0,0,0,0,
4095,4095,4095,0,0,0,0,0,0,0,0,0,0,0,0,0,0,0,0,0,0,0,0,0,0,4095,4095,4095,4095,4095,4095,0,0,0,0,0,
3822,3822,3822,4095,4095,4095,0,0,0,0,0,0,0,0,0,0,0,0,0,0,0,0,0,0,0,4095,4095,4095,4095,4095,4095,0,0,0,0,0,
3549,3549,3549,3822,3822,3822,4095,4095,4095,0,0,0,0,0,0,0,0,0,0,0,0,0,0,0,0,4095,4095,4095,4095,4095,4095,0,0,0,0,0,
3276,3276,3276,3549,3549,3549,3822,3822,3822,4095,4095,4095,0,0,0,0,0,0,0,0,0,0,0,0,0,4095,4095,4095,4095,4095,4095,0,0,0,0,0,
3003,3003,3003,3276,3276,3276,3549,3549,3549,3822,3822,3822,4095,4095,4095,0,0,0,0,0,0,0,0,0,0,4095,4095,4095,4095,4095,4095,0,0,0,0,0,
2730,2730,2730,3003,3003,3003,3276,3276,3276,3549,3549,3549,3822,3822,3822,4095,4095,4095,4095,0,0,0,0,0,0,4095,4095,4095,4095,4095,4095,0,0,0,0,0,
2457,2457,2457,2730,2730,2730,3003,3003,3003,3276,3276,3276,3549,3549,3549,3822,3822,3822,3822,4095,0,0,0,0,0,4095,4095,4095,4095,4095,4095,0,0,0,0,0,
2184,2184,2184,2457,2457,2457,2730,2730,2730,3003,3003,3003,3276,3276,3276,3549,3549,3549,3549,3822,0,0,0,0,0,4095,4095,4095,4095,4095,4095,0,0,0,0,0,
1911,1911,1911,2184,2184,2184,2457,2457,2457,2730,2730,2730,3003,3003,3003,3276,3276,3276,3276,3549,0,0,0,0,0,4095,4095,4095,4095,4095,4095,0,0,0,0,0,
1638,1638,1638,1911,1911,1911,2184,2184,2184,2457,2457,2457,2730,2730,2730,3003,3003,3003,3003,3276,0,0,0,0,0,4095,4095,4095,4095,4095,4095,0,0,0,0,0,
1365,1365,1365,1638,1638,1638,1911,1911,1911,2184,2184,2184,2457,2457,2457,2730,2730,2730,2730,3003,0,0,0,0,0,4095,4095,4095,4095,4095,4095,0,0,0,0,0,
1092,1092,1092,1365,1365,1365,1638,1638,1638,1911,1911,1911,2184,2184,2184,2457,2457,2457,2457,2730,0,0,0,0,0,4095,4095,4095,4095,4095,4095,0,0,0,0,0,
819,819,819,1092,1092,1092,1365,1365,1365,1638,1638,1638,1911,1911,1911,2184,2184,2184,2184,2457,0,0,0,0,0,4095,4095,4095,4095,4095,4095,0,0,0,0,0,
546,546,546,819,819,819,1092,1092,1092,1365,1365,1365,1638,1638,1638,1911,1911,1911,1911,2184,0,0,0,4095,4095,4095,4095,4095,4095,4095,4095,0,0,0,0,0,
273,273,273,546,546,546,819,819,819,1092,1092,1092,1365,1365,1365,1638,1638,1638,1638,1911,0,0,0,4095,4095,4095,4095,4095,4095,4095,4095,0,0,0,0,0,
0,0,0,273,273,273,546,546,546,819,819,819,1092,1092,1092,1365,1365,1365,1365,1638,0,0,0,4095,4095,4095,4095,4095,4095,4095,4095,0,0,0,0,0,
0,0,0,0,0,0,273,273,273,546,546,546,819,819,819,1092,1092,1092,1092,1365,0,0,0,4095,4095,4095,4095,4095,4095,4095,4095,0,0,0,0,0,
0,0,0,0,0,0,0,0,0,273,273,273,546,546,546,819,819,819,819,1092,0,0,0,4095,4095,4095,4095,4095,4095,4095,4095,0,0,0,0,0,
0,0,0,0,0,0,0,0,0,0,0,0,273,273,273,546,546,546,546,819,0,0,0,4095,4095,4095,4095,4095,4095,4095,4095,0,0,0,0,0,
0,0,0,0,0,0,0,0,0,0,0,0,0,0,0,273,273,273,273,546,0,0,0,4095,4095,4095,4095,4095,4095,4095,4095,0,0,0,0,0,
0,0,0,0,0,0,0,0,0,0,0,0,0,0,0,0,0,0,0,273,0,0,0,4095,4095,4095,4095,4095,4095,4095,4095,0,0,0,0,0,
0,0,0,0,0,0,0,0,0,0,0,0,0,0,0,0,0,0,0,0,0,0,0,4095,4095,4095,4095,4095,4095,4095,4095,0,0,0,0,0,
0,0,0,0,0,0,0,0,0,0,0,0,0,0,0,0,0,0,0,0,0,0,0,4095,4095,4095,4095,4095,4095,4095,4095,0,0,0,0,0,
0,0,0,0,0,0,0,0,0,0,0,0,0,0,0,0,0,0,0,0,0,0,0,4095,4095,4095,4095,4095,4095,4095,4095,0,0,0,0,0,
0,0,0,0,0,0,0,0,0,0,0,0,0,0,0,0,0,0,0,0,0,0,0,4095,4095,4095,4095,4095,4095,4095,4095,0,0,0,0,0,
0,0,0,0,0,0,0,0,0,0,0,0,0,0,0,0,0,0,0,0,0,0,0,4095,4095,4095,4095,4095,4095,4095,4095,0,0,0,0,0,
0,0,0,0,0,0,0,0,0,0,0,0,0,0,0,0,0,0,0,0,0,0,0,4095,4095,4095,4095,4095,4095,4095,4095,0,0,0,0,0,
0,0,0,0,0,0,0,0,0,0,0,0,0,0,0,0,0,0,0,0,0,0,0,4095,4095,4095,4095,4095,4095,4095,4095,0,0,0,0,0,
0,0,0,0,0,0,0,0,0,0,0,0,0,0,0,0,0,0,0,0,0,0,0,4095,4095,4095,4095,4095,4095,4095,4095,0,0,0,0,0,
0,0,0,0,0,0,0,0,0,0,0,0,0,0,0,0,0,0,0,0,0,0,0,4095,4095,4095,4095,4095,4095,4095,4095,0,0,0,0,0,
0,0,0,0,0,0,0,0,0,0,0,0,0,0,0,0,0,0,0,0,0,0,0,4095,4095,4095,4095,4095,4095,4095,4095,0,0,0,0,0,
0,0,0,0,0,0,0,0,0,0,0,0,0,0,0,0,0,0,0,0,0,0,0,4095,4095,4095,4095,4095,4095,4095,4095,0,0,0,0,0,
0,0,0,0,0,0,0,0,0,0,0,0,0,0,0,0,0,0,0,0,0,0,0,4095,4095,4095,4095,4095,4095,4095,4095,0,0,0,0,0,
0,0,0,0,0,0,0,0,0,0,0,0,0,0,0,0,0,0,0,0,0,0,0,4095,4095,4095,4095,4095,4095,4095,4095,4095,4095,4095,4095,4095,
0,0,0,0,0,0,0,0,0,0,0,0,0,0,0,0,0,0,0,0,0,0,0,4095,4095,4095,4095,4095,4095,4095,4095,3822,3822,3822,3822,3822,
0,0,0,0,0,0,0,0,0,0,0,0,0,0,0,0,0,0,0,0,0,0,0,4095,4095,4095,4095,4095,4095,4095,4095,3549,3549,3549,3549,3549,
0,0,0,0,0,0,0,0,0,0,0,0,0,0,0,0,0,0,0,0,0,0,0,4095,4095,4095,4095,4095,4095,4095,4095,3276,3276,3276,3276,3276,
0,0,0,0,0,0,0,0,0,0,0,0,0,0,0,0,0,0,0,0,0,0,0,4095,4095,4095,4095,4095,4095,4095,4095,3003,3003,3003,3003,3003,
0,0,0,0,0,0,0,0,0,0,0,0,0,0,0,0,0,0,0,0,0,0,0,4095,4095,4095,4095,4095,4095,4095,4095,2730,2730,2730,2730,2730,
0,0,0,0,0,0,0,0,0,0,0,0,0,0,0,0,0,0,0,0,0,0,0,4095,4095,4095,4095,4095,4095,4095,4095,2457,2457,2457,2457,2457,
0,0,0,0,0,0,0,0,0,0,0,0,0,0,0,0,0,0,0,0,0,0,0,4095,4095,4095,4095,4095,4095,4095,4095,2184,2184,2184,2184,2184,
0,0,0,0,0,0,0,0,0,0,0,0,0,0,0,0,0,0,0,0,0,0,0,4095,4095,4095,4095,4095,4095,4095,4095,1911,1911,1911,1911,1911,
0,0,0,0,0,0,0,0,0,0,0,0,0,0,0,0,0,0,0,0,0,0,0,4095,4095,4095,4095,4095,4095,4095,4095,1638,1638,1638,1638,1638,
0,0,0,0,0,0,0,0,0,0,0,0,0,0,0,0,0,0,0,0,0,0,0,4095,4095,4095,4095,4095,4095,4095,4095,1365,1365,1365,1365,1365,
0,0,0,0,0,0,0,0,0,0,0,0,0,0,0,0,0,0,0,0,0,0,0,4095,4095,4095,4095,4095,4095,4095,4095,1092,1092,1092,1092,1092,
0,0,0,0,0,0,0,0,0,0,0,0,0,0,0,0,0,0,0,0,0,0,0,4095,4095,4095,4095,4095,4095,4095,4095,819,819,819,819,819,
0,0,0,0,0,0,0,0,0,0,0,0,0,0,0,0,0,0,0,0,0,0,0,4095,4095,4095,4095,4095,4095,4095,4095,546,546,546,546,546,
0,0,0,0,0,0,0,0,0,0,0,0,0,0,0,0,0,0,0,0,0,0,0,4095,4095,4095,4095,4095,4095,4095,4095,273,273,273,273,273,
0,0,0,0,0,0,0,0,0,0,0,0,0,0,0,0,0,0,0,0,0,0,0,4095,4095,4095,4095,4095,4095,4095,4095,0,0,0,0,0,
0,0,0,0,0,0,0,0,0,0,0,0,0,0,0,0,0,0,0,0,0,0,0,4095,4095,4095,4095,4095,4095,4095,4095,0,0,0,0,0,
0,0,0,0,0,0,0,0,0,0,0,0,0,0,0,0,0,0,0,0,0,0,0,4095,4095,4095,4095,4095,4095,4095,4095,0,0,0,0,0,
0,0,0,0,0,0,0,0,0,0,0,0,0,0,0,0,0,0,0,0,0,0,0,4095,4095,4095,4095,4095,4095,4095,4095,0,0,0,0,0,
0,0,0,0,0,0,0,0,0,0,0,0,0,0,0,0,0,0,0,0,0,0,0,4095,4095,4095,4095,4095,4095,4095,4095,0,0,0,0,0,
0,0,0,0,0,0,0,0,0,0,0,0,0,0,0,0,0,0,0,0,0,0,0,4095,4095,4095,4095,4095,4095,4095,4095,0,0,0,0,0,
0,0,0,0,0,0,0,0,0,0,0,0,0,0,0,0,0,0,0,0,0,0,0,4095,4095,4095,4095,4095,4095,4095,4095,0,0,0,0,0,
0,0,0,0,0,0,0,0,0,0,0,0,0,0,0,0,0,0,0,0,0,0,0,4095,4095,4095,4095,4095,4095,4095,4095,0,0,0,0,0,
0,0,0,0,0,0,0,0,0,0,0,0,0,0,0,0,0,0,0,0,0,0,0,4095,4095,4095,4095,4095,4095,4095,4095,0,0,0,0,0,
0,0,0,0,0,0,0,0,0,0,0,0,0,0,0,0,0,0,0,0,0,0,0,4095,4095,4095,4095,4095,4095,4095,4095,0,0,0,0,0,
0,0,0,0,0,0,0,0,0,0,0,0,0,0,0,0,0,0,0,0,0,0,0,4095,4095,4095,4095,4095,4095,4095,4095,0,0,0,0,0,
0,0,0,0,0,0,0,0,0,0,0,0,0,0,0,0,0,0,0,0,0,0,0,4095,4095,4095,4095,4095,4095,4095,4095,0,0,0,0,0,
0,0,0,0,0,0,0,0,0,0,0,0,0,0,0,0,0,0,0,0,0,0,0,4095,4095,4095,4095,4095,4095,4095,4095,0,0,0,0,0,
0,0,0,0,0,0,0,0,0,0,0,0,0,0,0,0,0,0,0,0,0,0,0,4095,4095,4095,4095,4095,4095,4095,4095,0,0,0,0,0,
0,0,0,0,0,0,0,0,0,0,0,0,0,0,0,0,0,0,0,0,0,0,0,4095,4095,4095,4095,4095,4095,4095,4095,0,0,0,0,0,
0,0,0,0,0,0,0,0,0,0,0,0,0,0,0,0,0,0,0,0,0,0,0,4095,4095,4095,4095,4095,4095,4095,4095,0,0,0,0,0,
0,0,0,0,0,0,0,0,0,0,0,0,0,0,0,0,0,0,0,0,0,0,0,0,0,4095,4095,4095,4095,4095,4095,0,0,0,0,0,
4095,4095,4095,0,0,0,0,0,0,0,0,0,0,0,0,0,0,0,0,0,0,0,0,0,0,4095,4095,4095,4095,4095,4095,0,0,0,0,0,
3822,3822,3822,4095,4095,4095,0,0,0,0,0,0,0,0,0,0,0,0,0,0,0,0,0,0,0,4095,4095,4095,4095,4095,4095,0,0,0,0,0,
3549,3549,3549,3822,3822,3822,4095,4095,0,0,0,0,0,0,0,0,0,0,0,0,0,0,0,0,0,4095,4095,4095,4095,4095,4095,0,0,0,0,0,
3276,3276,3276,3549,3549,3549,3822,3822,4095,4095,4095,0,0,0,0,0,0,0,0,0,0,0,0,0,0,4095,4095,4095,4095,4095,4095,0,0,0,0,0,
3003,3003,3003,3276,3276,3276,3549,3549,3822,3822,3822,4095,4095,4095,0,0,0,0,0,0,0,0,0,0,0,4095,4095,4095,4095,4095,4095,0,0,0,0,0,
2730,2730,2730,3003,3003,3003,3276,3276,3549,3549,3549,3822,3822,3822,4095,4095,4095,4095,0,0,0,0,0,0,0,4095,4095,4095,4095,4095,4095,0,0,0,0,0,
2457,2457,2457,2730,2730,2730,3003,3003,3276,3276,3276,3549,3549,3549,3822,3822,3822,3822,4095,4095,0,0,0,0,0,4095,4095,4095,4095,4095,4095,0,0,0,0,0,
2184,2184,2184,2457,2457,2457,2730,2730,3003,3003,3003,3276,3276,3276,3549,3549,3549,3549,3822,3822,0,0,0,0,0,4095,4095,4095,4095,4095,4095,0,0,0,0,0,
1911,1911,1911,2184,2184,2184,2457,2457,2730,2730,2730,3003,3003,3003,3276,3276,3276,3276,3549,3549,0,0,0,0,0,4095,4095,4095,4095,4095,4095,0,0,0,0,0,
1638,1638,1638,1911,1911,1911,2184,2184,2457,2457,2457,2730,2730,2730,3003,3003,3003,3003,3276,3276,0,0,0,0,0,4095,4095,4095,4095,4095,4095,0,0,0,0,0,
1365,1365,1365,1638,1638,1638,1911,1911,2184,2184,2184,2457,2457,2457,2730,2730,2730,2730,3003,3003,0,0,0,0,0,4095,4095,4095,4095,4095,4095,0,0,0,0,0,
1092,1092,1092,1365,1365,1365,1638,1638,1911,1911,1911,2184,2184,2184,2457,2457,2457,2457,2730,2730,0,0,0,0,0,4095,4095,4095,4095,4095,4095,0,0,0,0,0,
819,819,819,1092,1092,1092,1365,1365,1638,1638,1638,1911,1911,1911,2184,2184,2184,2184,2457,2457,0,0,0,0,0,4095,4095,4095,4095,4095,4095,0,0,0,0,0,
546,546,546,819,819,819,1092,1092,1365,1365,1365,1638,1638,1638,1911,1911,1911,1911,2184,2184,0,0,0,0,0,4095,4095,4095,4095,4095,4095,0,0,0,0,0,
273,273,273,546,546,546,819,819,1092,1092,1092,1365,1365,1365,1638,1638,1638,1638,1911,1911,0,0,0,0,0,4095,4095,4095,4095,4095,4095,0,0,0,0,0,
0,0,0,273,273,273,546,546,819,819,819,1092,1092,1092,1365,1365,1365,1365,1638,1638,0,0,0,0,0,4095,4095,4095,4095,4095,4095,0,0,0,0,0,
0,0,0,0,0,0,273,273,546,546,546,819,819,819,1092,1092,1092,1092,1365,1365,0,0,0,0,0,4095,4095,4095,4095,4095,4095,0,0,0,0,0,
0,0,0,0,0,0,0,0,273,273,273,546,546,546,819,819,819,819,1092,1092,0,0,0,0,0,0,0,4095,4095,4095,4095,0,0,0,0,0,
0,0,0,0,0,0,0,0,0,0,0,273,273,273,546,546,546,546,819,819,0,0,0,0,0,0,0,4095,4095,4095,4095,0,0,0,0,0,
0,0,0,0,0,0,0,0,0,0,0,0,0,0,273,273,273,273,546,546,0,0,0,0,0,0,0,4095,4095,4095,4095,0,0,0,0,0,
0,0,0,0,0,0,0,0,0,0,0,0,0,0,0,0,0,0,273,273,0,0,0,0,0,0,0,4095,4095,4095,4095,0,0,0,0,0,
0,0,0,0,0,0,0,0,0,0,0,0,0,0,0,0,0,0,0,0,0,0,0,0,0,0,0,4095,4095,4095,4095,0,0,0,0,0,
0,0,0,0,0,0,0,0,0,0,0,0,0,0,0,0,0,0,0,0,0,0,0,0,0,0,0,4095,4095,4095,4095,0,0,0,0,0,
0,0,0,0,0,0,0,0,0,0,0,0,0,0,0,0,0,0,0,0,0,0,0,0,0,0,0,4095,4095,4095,4095,0,0,0,0,0,
0,0,0,0,0,0,0,0,0,0,0,0,0,0,0,0,0,0,0,0,0,0,0,0,0,0,0,4095,4095,4095,4095,0,0,0,0,0,
0,0,0,0,0,0,0,0,0,0,0,0,0,0,0,0,0,0,0,0,0,0,0,0,0,0,0,4095,4095,4095,4095,0,0,0,0,0,
0,0,0,0,0,0,0,0,0,0,0,0,0,0,0,0,0,0,0,0,0,0,0,0,0,0,0,4095,4095,4095,4095,0,0,0,0,0,
0,0,0,0,0,0,0,0,0,0,0,0,0,0,0,0,0,0,0,0,0,0,0,0,0,0,0,4095,4095,4095,4095,0,0,0,0,0,
0,0,0,0,0,0,0,0,0,0,0,0,0,0,0,0,0,0,0,0,0,0,0,0,0,0,0,4095,4095,4095,4095,0,0,0,0,0,
0,0,0,0,0,0,0,0,0,0,0,0,0,0,0,0,0,0,0,0,0,0,0,0,0,0,0,4095,4095,4095,4095,0,0,0,0,0,
0,0,0,0,0,0,0,0,0,0,0,0,0,0,0,0,0,0,0,0,0,0,0,0,0,0,0,4095,4095,4095,4095,0,0,0,0,0,
0,0,0,0,0,0,0,0,0,0,0,0,0,0,0,0,0,0,0,0,0,0,0,0,0,0,0,4095,4095,4095,4095,0,0,0,0,0,
0,0,0,0,0,0,0,0,0,0,0,0,0,0,0,0,0,0,0,0,0,0,0,0,0,0,0,4095,4095,4095,4095,4095,4095,4095,4095,4095,
0,0,0,0,0,0,0,0,0,0,0,0,0,0,0,0,0,0,0,0,0,0,0,0,0,0,0,4095,4095,4095,4095,3822,3822,3822,3822,3822,
0,0,0,0,0,0,0,0,0,0,0,0,0,0,0,0,0,0,0,0,0,0,0,0,0,0,0,4095,4095,4095,4095,3549,3549,3549,3549,3549,
0,0,0,0,0,0,0,0,0,0,0,0,0,0,0,0,0,0,0,0,0,0,0,0,0,0,0,4095,4095,4095,4095,3276,3276,3276,3276,3276,
0,0,0,0,0,0,0,0,0,0,0,0,0,0,0,0,0,0,0,0,0,0,0,0,0,0,0,4095,4095,4095,4095,3003,3003,3003,3003,3003,
0,0,0,0,0,0,0,0,0,0,0,0,0,0,0,0,0,0,0,0,0,0,0,0,0,0,0,4095,4095,4095,4095,2730,2730,2730,2730,2730,
0,0,0,0,0,0,0,0,0,0,0,0,0,0,0,0,0,0,0,0,0,0,0,0,0,0,0,4095,4095,4095,4095,2457,2457,2457,2457,2457,
0,0,0,0,0,0,0,0,0,0,0,0,0,0,0,0,0,0,0,0,0,0,0,0,0,0,0,4095,4095,4095,4095,2184,2184,2184,2184,2184,
0,0,0,0,0,0,0,0,0,0,0,0,0,0,0,0,0,0,0,0,0,0,0,0,0,0,0,4095,4095,4095,4095,1911,1911,1911,1911,1911,
0,0,0,0,0,0,0,0,0,0,0,0,0,0,0,0,0,0,0,0,0,0,0,0,0,0,0,4095,4095,4095,4095,1638,1638,1638,1638,1638,
0,0,0,0,0,0,0,0,0,0,0,0,0,0,0,0,0,0,0,0,0,0,0,0,0,0,0,4095,4095,4095,4095,1365,1365,1365,1365,1365,
0,0,0,0,0,0,0,0,0,0,0,0,0,0,0,0,0,0,0,0,0,0,0,0,0,0,0,4095,4095,4095,4095,1092,1092,1092,1092,1092,
0,0,0,0,0,0,0,0,0,0,0,0,0,0,0,0,0,0,0,0,0,0,0,0,0,0,0,4095,4095,4095,4095,819,819,819,819,819,
0,0,0,0,0,0,0,0,0,0,0,0,0,0,0,0,0,0,0,0,0,0,0,0,0,0,0,4095,4095,4095,4095,546,546,546,546,546,
0,0,0,0,0,0,0,0,0,0,0,0,0,0,0,0,0,0,0,0,0,0,0,0,0,0,0,4095,4095,4095,4095,273,273,273,273,273,
0,0,0,0,0,0,0,0,0,0,0,0,0,0,0,0,0,0,0,0,0,0,0,0,0,0,0,4095,4095,4095,4095,0,0,0,0,0,
0,0,0,0,0,0,0,0,0,0,0,0,0,0,0,0,0,0,0,0,0,0,0,0,0,0,0,4095,4095,4095,4095,0,0,0,0,0,
0,0,0,0,0,0,0,0,0,0,0,0,0,0,0,0,0,0,0,0,0,0,0,0,0,0,0,4095,4095,4095,4095,0,0,0,0,0,
0,0,0,0,0,0,0,0,0,0,0,0,0,0,0,0,0,0,0,0,0,0,0,0,0,0,0,4095,4095,4095,4095,0,0,0,0,0,
0,0,0,0,0,0,0,0,0,0,0,0,0,0,0,0,0,0,0,0,0,0,0,0,0,0,0,4095,4095,4095,4095,0,0,0,0,0,
0,0,0,0,0,0,0,0,0,0,0,0,0,0,0,0,0,0,0,0,0,0,0,0,0,0,0,4095,4095,4095,4095,0,0,0,0,0,
0,0,0,0,0,0,0,0,0,0,0,0,0,0,0,0,0,0,0,0,0,0,0,0,0,0,0,4095,4095,4095,4095,0,0,0,0,0,
0,0,0,0,0,0,0,0,0,0,0,0,0,0,0,0,0,0,0,0,0,0,0,0,0,0,0,4095,4095,4095,4095,0,0,0,0,0,
0,0,0,0,0,0,0,0,0,0,0,0,0,0,0,0,0,0,0,0,0,0,0,0,0,0,0,4095,4095,4095,4095,0,0,0,0,0,
0,0,0,0,0,0,0,0,0,0,0,0,0,0,0,0,0,0,0,0,0,0,0,0,0,0,0,4095,4095,4095,4095,0,0,0,0,0,
0,0,0,0,0,0,0,0,0,0,0,0,0,0,0,0,0,0,0,0,0,0,0,0,0,0,0,4095,4095,4095,4095,0,0,0,0,0,
0,0,0,0,0,0,0,0,0,0,0,0,0,0,0,0,0,0,0,0,0,0,0,0,0,0,0,4095,4095,4095,4095,0,0,0,0,0,
0,0,0,0,0,0,0,0,0,0,0,0,0,0,0,0,0,0,0,0,0,0,0,0,0,0,0,4095,4095,4095,4095,0,0,0,0,0,
0,0,0,0,0,0,0,0,0,0,0,0,0,0,0,0,0,0,0,0,0,0,0,0,0,0,0,4095,4095,4095,4095,0,0,0,0,0,
0,0,0,0,0,0,0,0,0,0,0,0,0,0,0,0,0,0,0,0,0,0,0,0,0,0,0,4095,4095,4095,4095,0,0,0,0,0,
0,0,0,0,0,0,0,0,0,0,0,0,0,0,0,0,0,0,0,0,0,0,0,0,0,0,0,4095,4095,4095,4095,0,0,0,0,0,
0,0,0,0,0,0,0,0,0,0,0,0,0,0,0,0,0,0,0,0,0,0,0,0,0,0,0,4095,4095,4095,4095,0,0,0,0,0,
0,0,0,0,0,0,0,0,0,0,0,0,0,0,0,0,0,0,0,0,0,0,0,0,0,0,0,4095,4095,4095,4095,0,0,0,0,0,
0,0,0,0,0,0,0,0,0,0,0,0,0,0,0,0,0,0,0,0,0,0,0,0,0,4095,4095,4095,4095,4095,4095,0,0,0,0,0,
4095,4095,4095,0,0,0,0,0,0,0,0,0,0,0,0,0,0,0,0,0,0,0,0,0,0,4095,4095,4095,4095,4095,4095,0,0,0,0,0,
3822,3822,3822,4095,4095,4095,0,0,0,0,0,0,0,0,0,0,0,0,0,0,0,0,0,0,0,4095,4095,4095,4095,4095,4095,0,0,0,0,0,
3549,3549,3549,3822,3822,3822,4095,4095,4095,0,0,0,0,0,0,0,0,0,0,0,0,0,0,0,0,4095,4095,4095,4095,4095,4095,0,0,0,0,0,
3276,3276,3276,3549,3549,3549,3822,3822,3822,4095,4095,4095,0,0,0,0,0,0,0,0,0,0,0,0,0,4095,4095,4095,4095,4095,4095,0,0,0,0,0,
3003,3003,3003,3276,3276,3276,3549,3549,3549,3822,3822,3822,4095,4095,4095,0,0,0,0,0,0,0,0,0,0,4095,4095,4095,4095,4095,4095,0,0,0,0,0,
2730,2730,2730,3003,3003,3003,3276,3276,3276,3549,3549,3549,3822,3822,3822,4095,4095,4095,4095,0,0,0,0,0,0,4095,4095,4095,4095,4095,4095,0,0,0,0,0,
2457,2457,2457,2730,2730,2730,3003,3003,3003,3276,3276,3276,3549,3549,3549,3822,3822,3822,3822,4095,0,0,0,0,0,4095,4095,4095,4095,4095,4095,0,0,0,0,0,
2184,2184,2184,2457,2457,2457,2730,2730,2730,3003,3003,3003,3276,3276,3276,3549,3549,3549,3549,3822,0,0,0,0,0,4095,4095,4095,4095,4095,4095,0,0,0,0,0,
1911,1911,1911,2184,2184,2184,2457,2457,2457,2730,2730,2730,3003,3003,3003,3276,3276,3276,3276,3549,0,0,0,0,0,4095,4095,4095,4095,4095,4095,0,0,0,0,0,
1638,1638,1638,1911,1911,1911,2184,2184,2184,2457,2457,2457,2730,2730,2730,3003,3003,3003,3003,3276,0,0,0,0,0,4095,4095,4095,4095,4095,4095,0,0,0,0,0,
1365,1365,1365,1638,1638,1638,1911,1911,1911,2184,2184,2184,2457,2457,2457,2730,2730,2730,2730,3003,0,0,0,0,0,4095,4095,4095,4095,4095,4095,0,0,0,0,0,
1092,1092,1092,1365,1365,1365,1638,1638,1638,1911,1911,1911,2184,2184,2184,2457,2457,2457,2457,2730,0,0,0,0,0,4095,4095,4095,4095,4095,4095,0,0,0,0,0,
819,819,819,1092,1092,1092,1365,1365,1365,1638,1638,1638,1911,1911,1911,2184,2184,2184,2184,2457,0,0,0,0,0,4095,4095,4095,4095,4095,4095,0,0,0,0,0,
546,546,546,819,819,819,1092,1092,1092,1365,1365,1365,1638,1638,1638,1911,1911,1911,1911,2184,0,0,0,0,0,4095,4095,4095,4095,4095,4095,0,0,0,0,0,
273,273,273,546,546,546,819,819,819,1092,1092,1092,1365,1365,1365,1638,1638,1638,1638,1911,0,0,0,0,0,4095,4095,4095,4095,4095,4095,0,0,0,0,0,
0,0,0,273,273,273,546,546,546,819,819,819,1092,1092,1092,1365,1365,1365,1365,1638,0,0,0,0,0,4095,4095,4095,4095,4095,4095,0,0,0,0,0,
0,0,0,0,0,0,273,273,273,546,546,546,819,819,819,1092,1092,1092,1092,1365,0,0,0,0,0,4095,4095,4095,4095,4095,4095,0,0,0,0,0,
0,0,0,0,0,0,0,0,0,273,273,273,546,546,546,819,819,819,819,1092,0,0,0,4095,4095,4095,4095,4095,4095,4095,4095,0,0,0,0,0,
0,0,0,0,0,0,0,0,0,0,0,0,273,273,273,546,546,546,546,819,0,0,0,4095,4095,4095,4095,4095,4095,4095,4095,0,0,0,0,0,
0,0,0,0,0,0,0,0,0,0,0,0,0,0,0,273,273,273,273,546,0,0,0,4095,4095,4095,4095,4095,4095,4095,4095,0,0,0,0,0,
0,0,0,0,0,0,0,0,0,0,0,0,0,0,0,0,0,0,0,273,0,0,0,4095,4095,4095,4095,4095,4095,4095,4095,0,0,0,0,0,
0,0,0,0,0,0,0,0,0,0,0,0,0,0,0,0,0,0,0,0,0,0,0,4095,4095,4095,4095,4095,4095,4095,4095,0,0,0,0,0,
0,0,0,0,0,0,0,0,0,0,0,0,0,0,0,0,0,0,0,0,0,0,0,4095,4095,4095,4095,4095,4095,4095,4095,0,0,0,0,0,
0,0,0,0,0,0,0,0,0,0,0,0,0,0,0,0,0,0,0,0,0,0,0,4095,4095,4095,4095,4095,4095,4095,4095,0,0,0,0,0,
0,0,0,0,0,0,0,0,0,0,0,0,0,0,0,0,0,0,0,0,0,0,0,4095,4095,4095,4095,4095,4095,4095,4095,0,0,0,0,0,
0,0,0,0,0,0,0,0,0,0,0,0,0,0,0,0,0,0,0,0,0,0,0,4095,4095,4095,4095,4095,4095,4095,4095,0,0,0,0,0,
0,0,0,0,0,0,0,0,0,0,0,0,0,0,0,0,0,0,0,0,0,0,0,4095,4095,4095,4095,4095,4095,4095,4095,0,0,0,0,0,
0,0,0,0,0,0,0,0,0,0,0,0,0,0,0,0,0,0,0,0,0,0,0,4095,4095,4095,4095,4095,4095,4095,4095,0,0,0,0,0,
0,0,0,0,0,0,0,0,0,0,0,0,0,0,0,0,0,0,0,0,0,0,0,4095,4095,4095,4095,4095,4095,4095,4095,0,0,0,0,0,
0,0,0,0,0,0,0,0,0,0,0,0,0,0,0,0,0,0,0,0,0,0,0,4095,4095,4095,4095,4095,4095,4095,4095,0,0,0,0,0,
0,0,0,0,0,0,0,0,0,0,0,0,0,0,0,0,0,0,0,0,0,0,0,4095,4095,4095,4095,4095,4095,4095,4095,0,0,0,0,0,
0,0,0,0,0,0,0,0,0,0,0,0,0,0,0,0,0,0,0,0,0,0,0,4095,4095,4095,4095,4095,4095,4095,4095,0,0,0,0,0,
0,0,0,0,0,0,0,0,0,0,0,0,0,0,0,0,0,0,0,0,0,0,0,4095,4095,4095,4095,4095,4095,4095,4095,4095,4095,4095,4095,4095,
0,0,0,0,0,0,0,0,0,0,0,0,0,0,0,0,0,0,0,0,0,0,0,4095,4095,4095,4095,4095,4095,4095,4095,3822,3822,3822,3822,3822,
0,0,0,0,0,0,0,0,0,0,0,0,0,0,0,0,0,0,0,0,0,0,0,4095,4095,4095,4095,4095,4095,4095,4095,3549,3549,3549,3549,3549,
0,0,0,0,0,0,0,0,0,0,0,0,0,0,0,0,0,0,0,0,0,0,0,0,0,0,0,0,0,0,0,3276,3276,3276,3276,3276,
0,0,0,0,0,0,0,0,0,0,0,0,0,0,0,0,0,0,0,0,0,0,0,0,0,0,0,0,0,0,0,3003,3003,3003,3003,3003,
0,0,0,0,0,0,0,0,0,0,0,0,0,0,0,0,0,0,0,0,0,0,0,0,0,0,0,0,0,0,0,2730,2730,2730,2730,2730,
0,0,0,0,0,0,0,0,0,0,0,0,0,0,0,0,0,0,0,0,0,0,0,0,0,0,0,0,0,0,0,2457,2457,2457,2457,2457,
0,0,0,0,0,0,0,0,0,0,0,0,0,0,0,0,0,0,0,0,0,0,0,0,0,0,0,0,0,0,0,2184,2184,2184,2184,2184,
0,0,0,0,0,0,0,0,0,0,0,0,0,0,0,0,0,0,0,0,0,0,0,0,0,0,0,0,0,0,0,1911,1911,1911,1911,1911,
0,0,0,0,0,0,0,0,0,0,0,0,0,0,0,0,0,0,0,0,0,0,0,0,0,0,0,0,0,0,0,1638,1638,1638,1638,1638,
0,0,0,0,0,0,0,0,0,0,0,0,0,0,0,0,0,0,0,0,0,0,0,0,0,0,0,0,0,0,0,1365,1365,1365,1365,1365,
0,0,0,0,0,0,0,0,0,0,0,0,0,0,0,0,0,0,0,0,0,0,0,0,0,0,0,0,0,0,0,1092,1092,1092,1092,1092,
0,0,0,0,0,0,0,0,0,0,0,0,0,0,0,0,0,0,0,0,3276,3276,3276,3276,0,0,0,0,0,0,0,819,819,819,819,819,
0,0,0,0,0,0,0,0,0,0,0,0,0,0,0,0,0,0,0,0,3094,3094,3094,3094,0,0,0,0,0,0,0,546,546,546,546,546,
0,0,0,0,0,0,0,0,0,0,0,0,0,0,0,0,0,0,0,0,2912,2912,2912,2912,0,0,0,0,0,0,0,273,273,273,273,273,
0,0,0,0,0,0,0,0,0,0,0,0,0,0,0,0,0,0,0,0,2730,2730,2730,2730,0,0,0,0,0,0,0,0,0,0,0,0,
0,0,0,0,0,0,0,0,0,0,0,0,0,0,0,0,0,0,0,0,2548,2548,2548,2548,0,0,0,0,0,0,0,0,0,0,0,0,
0,0,0,0,0,0,0,0,0,0,0,0,0,0,0,0,0,0,0,0,2366,2366,2366,2366,0,0,0,0,0,0,0,0,0,0,0,0,
0,0,0,0,0,0,0,0,0,0,0,0,0,0,0,0,0,0,0,0,2184,2184,2184,2184,0,0,0,0,0,0,0,0,0,0,0,0,
0,0,0,0,0,0,0,0,0,0,0,0,0,0,0,0,0,0,0,0,2002,2002,2002,2002,0,0,0,0,0,0,0,0,0,0,0,0,
0,0,0,0,0,0,0,0,0,0,0,0,0,0,0,0,0,0,0,0,1820,1820,1820,1820,0,0,0,0,0,0,0,0,0,0,0,0,
0,0,0,0,0,0,0,0,0,0,0,0,0,0,0,0,0,0,0,0,1638,1638,1638,1638,0,0,0,0,0,0,0,0,0,0,0,0,
0,0,0,0,0,0,0,0,0,0,0,0,0,0,0,0,0,0,0,0,1456,1456,1456,1456,0,0,0,0,0,0,0,0,0,0,0,0,
0,0,0,0,0,0,0,0,0,0,0,0,0,0,0,0,0,0,0,0,1274,1274,1274,1274,0,0,0,0,0,0,0,0,0,0,0,0,
0,0,0,0,0,0,0,0,0,0,0,0,0,0,0,0,0,0,0,0,1092,1092,1092,1092,0,0,0,0,0,0,0,0,0,0,0,0,
0,0,0,0,0,0,0,0,0,0,0,0,0,0,0,0,0,0,0,0,910,910,910,910,0,0,0,0,0,0,0,0,0,0,0,0,
0,0,0,0,0,0,0,0,0,0,0,0,0,0,0,0,0,0,0,0,728,728,728,728,0,0,0,0,0,0,0,0,0,0,0,0,
0,0,0,0,0,0,0,0,0,0,0,0,0,0,0,0,0,0,0,0,546,546,546,546,0,0,0,0,0,0,0,0,0,0,0,0,
0,0,0,0,0,0,0,0,0,0,0,0,0,0,0,0,0,0,0,0,364,364,364,364,0,0,0,0,0,0,0,0,0,0,0,0,
0,0,0,0,0,0,0,0,0,0,0,0,0,0,0,0,0,0,0,0,182,182,182,182,0,0,0,0,0,0,0,0,0,0,0,0,
0,0,0,0,0,0,0,0,0,0,0,0,0,0,0,0,0,0,0,0,0,0,0,0,3276,3276,3276,0,0,0,0,0,0,0,0,0,
0,0,0,0,0,0,0,0,0,0,0,0,0,0,0,0,0,0,0,0,0,0,0,0,3094,3094,3094,0,0,0,0,0,0,0,0,0,
0,0,0,0,0,0,0,0,0,0,0,0,0,0,0,0,0,0,0,0,0,0,0,0,2912,2912,2912,0,0,0,0,0,0,0,0,0,
4095,0,0,0,0,0,0,0,0,0,0,0,0,0,0,0,0,0,0,0,0,0,0,0,2730,2730,2730,0,0,0,0,0,0,0,0,0,
3822,4095,4095,4095,0,0,0,0,0,0,0,0,0,0,0,0,0,0,0,0,0,0,0,0,2548,2548,2548,0,0,0,0,0,0,0,0,0,
3549,3822,3822,3822,4095,4095,4095,0,0,0,0,0,0,0,0,0,0,0,0,0,0,0,0,0,2366,2366,2366,0,0,0,0,0,0,0,0,0,
3276,3549,3549,3549,3822,3822,3822,4095,4095,0,0,0,0,0,0,0,0,0,0,0,0,0,0,0,2184,2184,2184,0,0,0,0,0,0,0,0,0,
3003,3276,3276,3276,3549,3549,3549,3822,3822,4095,4095,4095,4095,0,0,0,0,0,0,0,0,0,0,0,2002,2002,2002,0,0,0,0,0,0,0,0,0,
2730,3003,3003,3003,3276,3276,3276,3549,3549,3822,3822,3822,3822,4095,4095,4095,0,0,0,0,0,0,0,0,1820,1820,1820,0,0,0,0,0,0,0,0,0,
2457,2730,2730,2730,3003,3003,3003,3276,3276,3549,3549,3549,3549,3822,3822,3822,4095,4095,4095,4095,0,0,0,0,1638,1638,1638,0,0,0,0,0,0,0,0,0,
2184,2457,2457,2457,2730,2730,2730,3003,3003,3276,3276,3276,3276,3549,3549,3549,3822,3822,3822,3822,0,0,0,0,1456,1456,1456,0,0,0,0,0,0,0,0,0,
1911,2184,2184,2184,2457,2457,2457,2730,2730,3003,3003,3003,3003,3276,3276,3276,3549,3549,3549,3549,0,0,0,0,1274,1274,1274,0,0,0,0,0,0,0,0,0,
1638,1911,1911,1911,2184,2184,2184,2457,2457,2730,2730,2730,2730,3003,3003,3003,3276,3276,3276,3276,0,0,0,0,1092,1092,1092,0,0,0,0,0,0,0,0,0,
1365,1638,1638,1638,1911,1911,1911,2184,2184,2457,2457,2457,2457,2730,2730,2730,3003,3003,3003,3003,0,0,0,0,910,910,910,0,0,0,0,0,0,0,0,0,
1092,1365,1365,1365,1638,1638,1638,1911,1911,2184,2184,2184,2184,2457,2457,2457,2730,2730,2730,2730,0,0,0,0,728,728,728,0,0,0,0,0,0,0,0,0,
819,1092,1092,1092,1365,1365,1365,1638,1638,1911,1911,1911,1911,2184,2184,2184,2457,2457,2457,2457,0,0,0,0,546,546,546,0,0,0,0,0,0,0,0,0,
546,819,819,819,1092,1092,1092,1365,1365,1638,1638,1638,1638,1911,1911,1911,2184,2184,2184,2184,0,0,0,0,364,364,364,0,0,0,0,0,0,0,0,0,
273,546,546,546,819,819,819,1092,1092,1365,1365,1365,1365,1638,1638,1638,1911,1911,1911,1911,0,0,0,0,182,182,182,0,0,0,0,0,0,0,0,0,
0,273,273,273,546,546,546,819,819,1092,1092,1092,1092,1365,1365,1365,1638,1638,1638,1638,0,0,0,0,0,0,0,3276,3276,3276,3276,0,0,0,0,0,
0,0,0,0,273,273,273,546,546,819,819,819,819,1092,1092,1092,1365,1365,1365,1365,0,0,0,0,0,0,0,3094,3094,3094,3094,0,0,0,0,0,
0,0,0,0,0,0,0,273,273,546,546,546,546,819,819,819,1092,1092,1092,1092,0,0,0,0,0,0,0,2912,2912,2912,2912,0,0,0,0,0,
0,0,0,0,0,0,0,0,0,273,273,273,273,546,546,546,819,819,819,819,0,0,0,0,0,0,0,2730,2730,2730,2730,0,0,0,0,0,
0,0,0,0,0,0,0,0,0,0,0,0,0,273,273,273,546,546,546,546,0,0,0,0,0,0,0,2548,2548,2548,2548,0,0,0,0,0,
0,0,0,0,0,0,0,0,0,0,0,0,0,0,0,0,273,273,273,273,0,0,0,0,0,0,0,2366,2366,2366,2366,0,0,0,0,0,
0,0,0,0,0,0,0,0,0,0,0,0,0,0,0,0,0,0,0,0,0,0,0,0,0,0,0,2184,2184,2184,2184,0,0,0,0,0,
0,0,0,0,0,0,0,0,0,0,0,0,0,0,0,0,0,0,0,0,0,0,0,0,0,0,0,2002,2002,2002,2002,0,0,0,0,0,
0,0,0,0,0,0,0,0,0,0,0,0,0,0,0,0,0,0,0,0,0,0,0,0,0,0,0,1820,1820,1820,1820,0,0,0,0,0,
0,0,0,0,0,0,0,0,0,0,0,0,0,0,0,0,0,0,0,0,0,0,0,0,0,0,0,1638,1638,1638,1638,0,0,0,0,0,
0,0,0,0,0,0,0,0,0,0,0,0,0,0,0,0,0,0,0,0,0,0,0,0,0,0,0,1456,1456,1456,1456,0,0,0,0,0,
0,0,0,0,0,0,0,0,0,0,0,0,0,0,0,0,0,0,0,0,0,0,0,0,0,0,0,1274,1274,1274,1274,0,0,0,0,0,
0,0,0,0,0,0,0,0,0,0,0,0,0,0,0,0,0,0,0,0,0,0,0,0,0,0,0,1092,1092,1092,1092,0,0,0,0,0,
0,0,0,0,0,0,0,0,0,0,0,0,0,0,0,0,0,0,0,0,0,0,0,0,0,0,0,910,910,910,910,0,0,0,0,0,
0,0,0,0,0,0,0,0,0,0,0,0,0,0,0,0,0,0,0,0,0,0,0,0,0,0,0,728,728,728,728,0,0,0,0,0,
0,0,0,0,0,0,0,0,0,0,0,0,0,0,0,0,0,0,0,0,0,0,0,0,0,0,0,546,546,546,546,0,0,0,0,0,
0,0,0,0,0,0,0,0,0,0,0,0,0,0,0,0,0,0,0,0,0,0,0,0,0,0,0,364,364,364,364,0,0,0,0,0,
0,0,0,0,0,0,0,0,0,0,0,0,0,0,0,0,0,0,0,0,0,0,0,0,0,0,0,182,182,182,182,0,0,0,0,0,
0,0,0,0,0,0,0,0,0,0,0,0,0,0,0,0,0,0,0,0,0,0,0,0,0,0,0,0,0,0,0,0,0,0,0,0,
4095,4095,4095,4095,4095,4095,4095,4095,4095,4095,4095,4095,4095,4095,4095,4095,4095,4095,4095,4095,4095,4095,4095,4095,4095,4095,4095,4095,4095,4095,4095,4095,4095,4095,4095,4095,
3868,3868,3868,3868,3868,3868,3868,3868,3868,3868,3868,3868,3868,3868,3868,3868,3868,3868,3868,3868,3868,3868,3868,3868,3868,3868,3868,3868,3868,3868,3868,3868,3868,3868,3868,3868,
3640,3640,3640,3640,3640,3640,3640,3640,3640,3640,3640,3640,3640,3640,3640,3640,3640,3640,3640,3640,3640,3640,3640,3640,3640,3640,3640,3640,3640,3640,3640,3640,3640,3640,3640,3640,
3413,3413,3413,3413,3413,3413,3413,3413,3413,3413,3413,3413,3413,3413,3413,3413,3413,3413,3413,3413,3413,3413,3413,3413,3413,3413,3413,3413,3413,3413,3413,3413,3413,3413,3413,3413,
3185,3185,3185,3185,3185,3185,3185,3185,3185,3185,3185,3185,3185,3185,3185,3185,3185,3185,3185,3185,3185,3185,3185,3185,3185,3185,3185,3185,3185,3185,3185,3185,3185,3185,3185,3185,
2958,2958,2958,2958,2958,2958,2958,2958,2958,2958,2958,2958,2958,2958,2958,2958,2958,2958,2958,2958,2958,2958,2958,2958,2958,2958,2958,2958,2958,2958,2958,2958,2958,2958,2958,2958,
2730,2730,2730,2730,2730,2730,2730,2730,2730,2730,2730,2730,2730,2730,2730,2730,2730,2730,2730,2730,2730,2730,2730,2730,2730,2730,2730,2730,2730,2730,2730,2730,2730,2730,2730,2730,
2503,2503,2503,2503,2503,2503,2503,2503,2503,2503,2503,2503,2503,2503,2503,2503,2503,2503,2503,2503,2503,2503,2503,2503,2503,2503,2503,2503,2503,2503,2503,2503,2503,2503,2503,2503,
2275,2275,2275,2275,2275,2275,2275,2275,2275,2275,2275,2275,2275,2275,2275,2275,2275,2275,2275,2275,2275,2275,2275,2275,2275,2275,2275,2275,2275,2275,2275,2275,2275,2275,2275,2275,
2048,2048,2048,2048,2048,2048,2048,2048,2048,2048,2048,2048,2048,2048,2048,2048,2048,2048,2048,2048,2048,2048,2048,2048,2048,2048,2048,2048,2048,2048,2048,2048,2048,2048,2048,2048,
1820,1820,1820,1820,1820,1820,1820,1820,1820,1820,1820,1820,1820,1820,1820,1820,1820,1820,1820,1820,1820,1820,1820,1820,1820,1820,1820,1820,1820,1820,1820,1820,1820,1820,1820,1820,
1593,1593,1593,1593,1593,1593,1593,1593,1593,1593,1593,1593,1593,1593,1593,1593,1593,1593,1593,1593,1593,1593,1593,1593,1593,1593,1593,1593,1593,1593,1593,1593,1593,1593,1593,1593,
1365,1365,1365,1365,1365,1365,1365,1365,1365,1365,1365,1365,1365,1365,1365,1365,1365,1365,1365,1365,1365,1365,1365,1365,1365,1365,1365,1365,1365,1365,1365,1365,1365,1365,1365,1365,
1138,1138,1138,1138,1138,1138,1138,1138,1138,1138,1138,1138,1138,1138,1138,1138,1138,1138,1138,1138,1138,1138,1138,1138,1138,1138,1138,1138,1138,1138,1138,1138,1138,1138,1138,1138,
910,910,910,910,910,910,910,910,910,910,910,910,910,910,910,910,910,910,910,910,910,910,910,910,910,910,910,910,910,910,910,910,910,910,910,910,
683,683,683,683,683,683,683,683,683,683,683,683,683,683,683,683,683,683,683,683,683,683,683,683,683,683,683,683,683,683,683,683,683,683,683,683,
455,455,455,455,455,455,455,455,455,455,455,455,455,455,455,455,455,455,455,455,455,455,455,455,455,455,455,455,455,455,455,455,455,455,455,455,
228,228,228,228,228,228,228,228,228,228,228,228,228,228,228,228,228,228,228,228,228,228,228,228,228,228,228,228,228,228,228,228,228,228,228,228,
0,0,0,0,0,0,0,0,0,0,0,0,0,0,0,0,0,0,0,0,0,0,0,0,0,0,0,0,0,0,0,0,0,0,0,0,
0,0,0,0,0,0,0,0,0,0,0,0,0,0,0,0,0,0,0,0,0,0,0,0,0,0,0,0,0,0,0,0,0,0,0,0,
0,0,0,0,0,0,0,0,0,0,0,0,0,0,0,0,0,0,0,0,0,0,0,0,0,0,0,0,0,0,0,0,0,0,0,0,
0,0,0,0,0,0,0,0,0,0,0,0,0,0,0,0,0,0,0,0,0,0,0,0,0,0,0,0,0,0,0,0,0,0,0,0,
0,0,0,0,0,0,0,0,0,0,0,0,0,0,0,0,0,0,0,0,0,0,0,0,0,0,0,0,0,0,0,0,0,0,0,0,
0,0,0,0,0,0,0,0,0,0,0,0,0,0,0,0,0,0,0,0,0,0,0,0,0,0,0,0,0,0,0,0,0,0,0,0,
0,0,0,0,0,0,0,0,0,0,0,0,0,0,0,0,0,0,0,0,0,0,0,0,0,0,0,0,0,0,0,0,0,0,0,0,
0,0,0,0,0,0,0,0,0,0,0,0,0,0,0,0,0,0,0,0,0,0,0,0,0,0,0,0,0,0,0,0,0,0,0,0,
0,0,0,0,0,0,0,0,0,0,0,0,0,0,0,0,0,0,0,0,0,0,0,0,0,0,0,0,0,0,0,0,0,0,0,0,
0,0,0,0,0,0,0,0,0,0,0,0,0,0,0,0,0,0,0,0,0,0,0,0,0,0,0,0,0,0,0,0,0,0,0,0,
0,0,0,0,0,0,0,0,0,0,0,0,0,0,0,0,0,0,0,0,0,0,0,0,0,0,0,0,0,0,0,0,0,0,0,0,
0,0,0,0,0,0,0,0,0,0,0,0,0,0,0,0,0,0,0,0,0,0,0,0,0,0,0,0,0,0,0,0,0,0,0,0,
0,0,0,0,0,0,0,0,0,0,0,0,0,0,0,0,0,0,0,0,0,0,0,0,0,4095,4095,4095,4095,4095,4095,0,0,0,0,0,
4095,4095,0,0,0,0,0,0,0,0,0,0,0,0,0,0,0,0,0,0,0,0,0,0,0,4095,4095,4095,4095,4095,4095,0,0,0,0,0,
3822,3822,4095,4095,4095,0,0,0,0,0,0,0,0,0,0,0,0,0,0,0,0,0,0,0,0,4095,4095,4095,4095,4095,4095,0,0,0,0,0,
3549,3549,3822,3822,3822,4095,4095,0,0,0,0,0,0,0,0,0,0,0,0,0,0,0,0,0,0,4095,4095,4095,4095,4095,4095,0,0,0,0,0,
3276,3276,3549,3549,3549,3822,3822,4095,4095,4095,0,0,0,0,0,0,0,0,0,0,0,0,0,0,0,4095,4095,4095,4095,4095,4095,0,0,0,0,0,
3003,3003,3276,3276,3276,3549,3549,3822,3822,3822,4095,4095,4095,4095,0,0,0,0,0,0,0,0,0,0,0,4095,4095,4095,4095,4095,4095,0,0,0,0,0,
2730,2730,3003,3003,3003,3276,3276,3549,3549,3549,3822,3822,3822,3822,4095,4095,4095,0,0,0,0,0,0,0,0,4095,4095,4095,4095,4095,4095,0,0,0,0,0,
2457,2457,2730,2730,2730,3003,3003,3276,3276,3276,3549,3549,3549,3549,3822,3822,3822,4095,4095,4095,0,0,0,0,0,4095,4095,4095,4095,4095,4095,0,0,0,0,0,
2184,2184,2457,2457,2457,2730,2730,3003,3003,3003,3276,3276,3276,3276,3549,3549,3549,3822,3822,3822,0,0,0,0,0,4095,4095,4095,4095,4095,4095,0,0,0,0,0,
1911,1911,2184,2184,2184,2457,2457,2730,2730,2730,3003,3003,3003,3003,3276,3276,3276,3549,3549,3549,0,0,0,0,0,4095,4095,4095,4095,4095,4095,0,0,0,0,0,
1638,1638,1911,1911,1911,2184,2184,2457,2457,2457,2730,2730,2730,2730,3003,3003,3003,3276,3276,3276,0,0,0,0,0,4095,4095,4095,4095,4095,4095,0,0,0,0,0,
1365,1365,1638,1638,1638,1911,1911,2184,2184,2184,2457,2457,2457,2457,2730,2730,2730,3003,3003,3003,0,0,0,0,0,4095,4095,4095,4095,4095,4095,0,0,0,0,0,
1092,1092,1365,1365,1365,1638,1638,1911,1911,1911,2184,2184,2184,2184,2457,2457,2457,2730,2730,2730,0,0,0,0,0,4095,4095,4095,4095,4095,4095,0,0,0,0,0,
819,819,1092,1092,1092,1365,1365,1638,1638,1638,1911,1911,1911,1911,2184,2184,2184,2457,2457,2457,0,0,0,0,0,4095,4095,4095,4095,4095,4095,0,0,0,0,0,
546,546,819,819,819,1092,1092,1365,1365,1365,1638,1638,1638,1638,1911,1911,1911,2184,2184,2184,0,0,0,0,0,4095,4095,4095,4095,4095,4095,0,0,0,0,0,
273,273,546,546,546,819,819,1092,1092,1092,1365,1365,1365,1365,1638,1638,1638,1911,1911,1911,0,0,0,0,0,4095,4095,4095,4095,4095,4095,0,0,0,0,0,
0,0,273,273,273,546,546,819,819,819,1092,1092,1092,1092,1365,1365,1365,1638,1638,1638,0,0,0,4095,4095,4095,4095,4095,4095,4095,4095,0,0,0,0,0,
0,0,0,0,0,273,273,546,546,546,819,819,819,819,1092,1092,1092,1365,1365,1365,0,0,0,4095,4095,4095,4095,4095,4095,4095,4095,0,0,0,0,0,
0,0,0,0,0,0,0,273,273,273,546,546,546,546,819,819,819,1092,1092,1092,0,0,0,4095,4095,4095,4095,4095,4095,4095,4095,0,0,0,0,0,
0,0,0,0,0,0,0,0,0,0,273,273,273,273,546,546,546,819,819,819,0,0,0,4095,4095,4095,4095,4095,4095,4095,4095,0,0,0,0,0,
0,0,0,0,0,0,0,0,0,0,0,0,0,0,273,273,273,546,546,546,0,0,0,4095,4095,4095,4095,4095,4095,4095,4095,0,0,0,0,0,
0,0,0,0,0,0,0,0,0,0,0,0,0,0,0,0,0,273,273,273,0,0,0,4095,4095,4095,4095,4095,4095,4095,4095,0,0,0,0,0,
0,0,0,0,0,0,0,0,0,0,0,0,0,0,0,0,0,0,0,0,0,0,0,4095,4095,4095,4095,4095,4095,4095,4095,0,0,0,0,0,
0,0,0,0,0,0,0,0,0,0,0,0,0,0,0,0,0,0,0,0,0,0,0,4095,4095,4095,4095,4095,4095,4095,4095,0,0,0,0,0,
0,0,0,0,0,0,0,0,0,0,0,0,0,0,0,0,0,0,0,0,0,0,0,4095,4095,4095,4095,4095,4095,4095,4095,0,0,0,0,0,
0,0,0,0,0,0,0,0,0,0,0,0,0,0,0,0,0,0,0,0,0,0,0,4095,4095,4095,4095,4095,4095,4095,4095,0,0,0,0,0,
0,0,0,0,0,0,0,0,0,0,0,0,0,0,0,0,0,0,0,0,0,0,0,4095,4095,4095,4095,4095,4095,4095,4095,0,0,0,0,0,
0,0,0,0,0,0,0,0,0,0,0,0,0,0,0,0,0,0,0,0,0,0,0,4095,4095,4095,4095,4095,4095,4095,4095,0,0,0,0,0,
0,0,0,0,0,0,0,0,0,0,0,0,0,0,0,0,0,0,0,0,0,0,0,4095,4095,4095,4095,4095,4095,4095,4095,0,0,0,0,0,
0,0,0,0,0,0,0,0,0,0,0,0,0,0,0,0,0,0,0,0,0,0,0,4095,4095,4095,4095,4095,4095,4095,4095,0,0,0,0,0,
0,0,0,0,0,0,0,0,0,0,0,0,0,0,0,0,0,0,0,0,0,0,0,4095,4095,4095,4095,4095,4095,4095,4095,0,0,0,0,0,
0,0,0,0,0,0,0,0,0,0,0,0,0,0,0,0,0,0,0,0,0,0,0,4095,4095,4095,4095,4095,4095,4095,4095,0,0,0,0,0,
0,0,0,0,0,0,0,0,0,0,0,0,0,0,0,0,0,0,0,0,0,0,0,4095,4095,4095,4095,4095,4095,4095,4095,0,0,0,0,0,
0,0,0,0,0,0,0,0,0,0,0,0,0,0,0,0,0,0,0,0,0,0,0,4095,4095,4095,4095,4095,4095,4095,4095,0,0,0,0,0,
0,0,0,0,0,0,0,0,0,0,0,0,0,0,0,0,0,0,0,0,0,0,0,4095,4095,4095,4095,4095,4095,4095,4095,0,0,0,0,0,
0,0,0,0,0,0,0,0,0,0,0,0,0,0,0,0,0,0,0,0,0,0,0,4095,4095,4095,4095,4095,4095,4095,4095,4095,4095,4095,4095,4095,
0,0,0,0,0,0,0,0,0,0,0,0,0,0,0,0,0,0,0,0,0,0,0,4095,4095,4095,4095,4095,4095,4095,4095,3822,3822,3822,3822,3822,
0,0,0,0,0,0,0,0,0,0,0,0,0,0,0,0,0,0,0,0,0,0,0,4095,4095,4095,4095,4095,4095,4095,4095,3549,3549,3549,3549,3549,
0,0,0,0,0,0,0,0,0,0,0,0,0,0,0,0,0,0,0,0,0,0,0,4095,4095,4095,4095,4095,4095,4095,4095,3276,3276,3276,3276,3276,
0,0,0,0,0,0,0,0,0,0,0,0,0,0,0,0,0,0,0,0,0,0,0,4095,4095,4095,4095,4095,4095,4095,4095,3003,3003,3003,3003,3003,
0,0,0,0,0,0,0,0,0,0,0,0,0,0,0,0,0,0,0,0,0,0,0,4095,4095,4095,4095,4095,4095,4095,4095,2730,2730,2730,2730,2730,
0,0,0,0,0,0,0,0,0,0,0,0,0,0,0,0,0,0,0,0,0,0,0,4095,4095,4095,4095,4095,4095,4095,4095,2457,2457,2457,2457,2457,
0,0,0,0,0,0,0,0,0,0,0,0,0,0,0,0,0,0,0,0,0,0,0,4095,4095,4095,4095,4095,4095,4095,4095,2184,2184,2184,2184,2184,
0,0,0,0,0,0,0,0,0,0,0,0,0,0,0,0,0,0,0,0,0,0,0,4095,4095,4095,4095,4095,4095,4095,4095,1911,1911,1911,1911,1911,
0,0,0,0,0,0,0,0,0,0,0,0,0,0,0,0,0,0,0,0,0,0,0,4095,4095,4095,4095,4095,4095,4095,4095,1638,1638,1638,1638,1638,
0,0,0,0,0,0,0,0,0,0,0,0,0,0,0,0,0,0,0,0,0,0,0,4095,4095,4095,4095,4095,4095,4095,4095,1365,1365,1365,1365,1365,
0,0,0,0,0,0,0,0,0,0,0,0,0,0,0,0,0,0,0,0,0,0,0,4095,4095,4095,4095,4095,4095,4095,4095,1092,1092,1092,1092,1092,
0,0,0,0,0,0,0,0,0,0,0,0,0,0,0,0,0,0,0,0,0,0,0,4095,4095,4095,4095,4095,4095,4095,4095,819,819,819,819,819,
0,0,0,0,0,0,0,0,0,0,0,0,0,0,0,0,0,0,0,0,0,0,0,4095,4095,4095,4095,4095,4095,4095,4095,546,546,546,546,546,
0,0,0,0,0,0,0,0,0,0,0,0,0,0,0,0,0,0,0,0,0,0,0,4095,4095,4095,4095,4095,4095,4095,4095,273,273,273,273,273,
0,0,0,0,0,0,0,0,0,0,0,0,0,0,0,0,0,0,0,0,0,0,0,4095,4095,4095,4095,4095,4095,4095,4095,0,0,0,0,0,
0,0,0,0,0,0,0,0,0,0,0,0,0,0,0,0,0,0,0,0,0,0,0,4095,4095,4095,4095,4095,4095,4095,4095,0,0,0,0,0,
0,0,0,0,0,0,0,0,0,0,0,0,0,0,0,0,0,0,0,0,0,0,0,4095,4095,4095,4095,4095,4095,4095,4095,0,0,0,0,0,
0,0,0,0,0,0,0,0,0,0,0,0,0,0,0,0,0,0,0,0,0,0,0,4095,4095,4095,4095,4095,4095,4095,4095,0,0,0,0,0,
0,0,0,0,0,0,0,0,0,0,0,0,0,0,0,0,0,0,0,0,0,0,0,4095,4095,4095,4095,4095,4095,4095,4095,0,0,0,0,0,
0,0,0,0,0,0,0,0,0,0,0,0,0,0,0,0,0,0,0,0,0,0,0,4095,4095,4095,4095,4095,4095,4095,4095,0,0,0,0,0,
0,0,0,0,0,0,0,0,0,0,0,0,0,0,0,0,0,0,0,0,0,0,0,4095,4095,4095,4095,4095,4095,4095,4095,0,0,0,0,0,
0,0,0,0,0,0,0,0,0,0,0,0,0,0,0,0,0,0,0,0,0,0,0,4095,4095,4095,4095,4095,4095,4095,4095,0,0,0,0,0,
0,0,0,0,0,0,0,0,0,0,0,0,0,0,0,0,0,0,0,0,0,0,0,4095,4095,4095,4095,4095,4095,4095,4095,0,0,0,0,0,
0,0,0,0,0,0,0,0,0,0,0,0,0,0,0,0,0,0,0,0,0,0,0,4095,4095,4095,4095,4095,4095,4095,4095,0,0,0,0,0,
0,0,0,0,0,0,0,0,0,0,0,0,0,0,0,0,0,0,0,0,0,0,0,4095,4095,4095,4095,4095,4095,4095,4095,0,0,0,0,0,
0,0,0,0,0,0,0,0,0,0,0,0,0,0,0,0,0,0,0,0,0,0,0,4095,4095,4095,4095,4095,4095,4095,4095,0,0,0,0,0,
0,0,0,0,0,0,0,0,0,0,0,0,0,0,0,0,0,0,0,0,0,0,0,4095,4095,4095,4095,4095,4095,4095,4095,0,0,0,0,0,
0,0,0,0,0,0,0,0,0,0,0,0,0,0,0,0,0,0,0,0,0,0,0,4095,4095,4095,4095,4095,4095,4095,4095,0,0,0,0,0,
0,0,0,0,0,0,0,0,0,0,0,0,0,0,0,0,0,0,0,0,0,0,0,4095,4095,4095,4095,4095,4095,4095,4095,0,0,0,0,0,
0,0,0,0,0,0,0,0,0,0,0,0,0,0,0,0,0,0,0,0,0,0,0,4095,4095,4095,4095,4095,4095,4095,4095,0,0,0,0,0,
4095,0,0,0,0,0,0,0,0,0,0,0,0,0,0,0,0,0,0,0,0,0,0,4095,4095,4095,4095,4095,4095,4095,4095,0,0,0,0,0,
3822,4095,4095,4095,0,0,0,0,0,0,0,0,0,0,0,0,0,0,0,0,0,0,0,0,0,4095,4095,4095,4095,4095,4095,0,0,0,0,0,
3549,3822,3822,3822,4095,4095,4095,0,0,0,0,0,0,0,0,0,0,0,0,0,0,0,0,0,0,4095,4095,4095,4095,4095,4095,0,0,0,0,0,
3276,3549,3549,3549,3822,3822,3822,4095,4095,0,0,0,0,0,0,0,0,0,0,0,0,0,0,0,0,4095,4095,4095,4095,4095,4095,0,0,0,0,0,
3003,3276,3276,3276,3549,3549,3549,3822,3822,4095,4095,4095,4095,0,0,0,0,0,0,0,0,0,0,0,0,4095,4095,4095,4095,4095,4095,0,0,0,0,0,
2730,3003,3003,3003,3276,3276,3276,3549,3549,3822,3822,3822,3822,4095,4095,4095,0,0,0,0,0,0,0,0,0,4095,4095,4095,4095,4095,4095,0,0,0,0,0,
2457,2730,2730,2730,3003,3003,3003,3276,3276,3549,3549,3549,3549,3822,3822,3822,4095,4095,4095,4095,0,0,0,0,0,4095,4095,4095,4095,4095,4095,0,0,0,0,0,
2184,2457,2457,2457,2730,2730,2730,3003,3003,3276,3276,3276,3276,3549,3549,3549,3822,3822,3822,3822,0,0,0,0,0,4095,4095,4095,4095,4095,4095,0,0,0,0,0,
1911,2184,2184,2184,2457,2457,2457,2730,2730,3003,3003,3003,3003,3276,3276,3276,3549,3549,3549,3549,0,0,0,0,0,4095,4095,4095,4095,4095,4095,0,0,0,0,0,
1638,1911,1911,1911,2184,2184,2184,2457,2457,2730,2730,2730,2730,3003,3003,3003,3276,3276,3276,3276,0,0,0,0,0,4095,4095,4095,4095,4095,4095,0,0,0,0,0,
1365,1638,1638,1638,1911,1911,1911,2184,2184,2457,2457,2457,2457,2730,2730,2730,3003,3003,3003,3003,0,0,0,0,0,4095,4095,4095,4095,4095,4095,0,0,0,0,0,
1092,1365,1365,1365,1638,1638,1638,1911,1911,2184,2184,2184,2184,2457,2457,2457,2730,2730,2730,2730,0,0,0,0,0,4095,4095,4095,4095,4095,4095,0,0,0,0,0,
819,1092,1092,1092,1365,1365,1365,1638,1638,1911,1911,1911,1911,2184,2184,2184,2457,2457,2457,2457,0,0,0,0,0,4095,4095,4095,4095,4095,4095,0,0,0,0,0,
546,819,819,819,1092,1092,1092,1365,1365,1638,1638,1638,1638,1911,1911,1911,2184,2184,2184,2184,0,0,0,0,0,4095,4095,4095,4095,4095,4095,0,0,0,0,0,
273,546,546,546,819,819,819,1092,1092,1365,1365,1365,1365,1638,1638,1638,1911,1911,1911,1911,0,0,0,0,0,4095,4095,4095,4095,4095,4095,0,0,0,0,0,
0,273,273,273,546,546,546,819,819,1092,1092,1092,1092,1365,1365,1365,1638,1638,1638,1638,0,0,0,0,0,4095,4095,4095,4095,4095,4095,0,0,0,0,0,
0,0,0,0,273,273,273,546,546,819,819,819,819,1092,1092,1092,1365,1365,1365,1365,0,0,0,0,0,4095,4095,4095,4095,4095,4095,0,0,0,0,0,
0,0,0,0,0,0,0,273,273,546,546,546,546,819,819,819,1092,1092,1092,1092,0,0,0,0,0,4095,4095,4095,4095,4095,4095,0,0,0,0,0,
0,0,0,0,0,0,0,0,0,273,273,273,273,546,546,546,819,819,819,819,0,0,0,0,0,0,0,4095,4095,4095,4095,0,0,0,0,0,
0,0,0,0,0,0,0,0,0,0,0,0,0,273,273,273,546,546,546,546,0,0,0,0,0,0,0,4095,4095,4095,4095,0,0,0,0,0,
0,0,0,0,0,0,0,0,0,0,0,0,0,0,0,0,273,273,273,273,0,0,0,0,0,0,0,4095,4095,4095,4095,0,0,0,0,0,
0,0,0,0,0,0,0,0,0,0,0,0,0,0,0,0,0,0,0,0,0,0,0,0,0,0,0,4095,4095,4095,4095,0,0,0,0,0,
0,0,0,0,0,0,0,0,0,0,0,0,0,0,0,0,0,0,0,0,0,0,0,0,0,0,0,4095,4095,4095,4095,0,0,0,0,0,
0,0,0,0,0,0,0,0,0,0,0,0,0,0,0,0,0,0,0,0,0,0,0,0,0,0,0,4095,4095,4095,4095,0,0,0,0,0,
0,0,0,0,0,0,0,0,0,0,0,0,0,0,0,0,0,0,0,0,0,0,0,0,0,0,0,4095,4095,4095,4095,0,0,0,0,0,
0,0,0,0,0,0,0,0,0,0,0,0,0,0,0,0,0,0,0,0,0,0,0,0,0,0,0,4095,4095,4095,4095,0,0,0,0,0,
0,0,0,0,0,0,0,0,0,0,0,0,0,0,0,0,0,0,0,0,0,0,0,0,0,0,0,4095,4095,4095,4095,0,0,0,0,0,
0,0,0,0,0,0,0,0,0,0,0,0,0,0,0,0,0,0,0,0,0,0,0,0,0,0,0,4095,4095,4095,4095,0,0,0,0,0,
0,0,0,0,0,0,0,0,0,0,0,0,0,0,0,0,0,0,0,0,0,0,0,0,0,0,0,4095,4095,4095,4095,0,0,0,0,0,
0,0,0,0,0,0,0,0,0,0,0,0,0,0,0,0,0,0,0,0,0,0,0,0,0,0,0,4095,4095,4095,4095,0,0,0,0,0,
0,0,0,0,0,0,0,0,0,0,0,0,0,0,0,0,0,0,0,0,0,0,0,0,0,0,0,4095,4095,4095,4095,0,0,0,0,0,
0,0,0,0,0,0,0,0,0,0,0,0,0,0,0,0,0,0,0,0,0,0,0,0,0,0,0,4095,4095,4095,4095,0,0,0,0,0,
0,0,0,0,0,0,0,0,0,0,0,0,0,0,0,0,0,0,0,0,0,0,0,0,0,0,0,4095,4095,4095,4095,0,0,0,0,0,
0,0,0,0,0,0,0,0,0,0,0,0,0,0,0,0,0,0,0,0,0,0,0,0,0,0,0,4095,4095,4095,4095,0,0,0,0,0,
0,0,0,0,0,0,0,0,0,0,0,0,0,0,0,0,0,0,0,0,0,0,0,0,0,0,0,4095,4095,4095,4095,4095,4095,4095,4095,4095,
0,0,0,0,0,0,0,0,0,0,0,0,0,0,0,0,0,0,0,0,0,0,0,0,0,0,0,4095,4095,4095,4095,3822,3822,3822,3822,3822,
0,0,0,0,0,0,0,0,0,0,0,0,0,0,0,0,0,0,0,0,0,0,0,0,0,0,0,4095,4095,4095,4095,3549,3549,3549,3549,3549,
0,0,0,0,0,0,0,0,0,0,0,0,0,0,0,0,0,0,0,0,0,0,0,0,0,0,0,4095,4095,4095,4095,3276,3276,3276,3276,3276,
0,0,0,0,0,0,0,0,0,0,0,0,0,0,0,0,0,0,0,0,0,0,0,0,0,0,0,4095,4095,4095,4095,3003,3003,3003,3003,3003,
0,0,0,0,0,0,0,0,0,0,0,0,0,0,0,0,0,0,0,0,0,0,0,0,0,0,0,4095,4095,4095,4095,2730,2730,2730,2730,2730,
0,0,0,0,0,0,0,0,0,0,0,0,0,0,0,0,0,0,0,0,0,0,0,0,0,0,0,4095,4095,4095,4095,2457,2457,2457,2457,2457,
0,0,0,0,0,0,0,0,0,0,0,0,0,0,0,0,0,0,0,0,0,0,0,0,0,0,0,4095,4095,4095,4095,2184,2184,2184,2184,2184,
0,0,0,0,0,0,0,0,0,0,0,0,0,0,0,0,0,0,0,0,0,0,0,0,0,0,0,4095,4095,4095,4095,1911,1911,1911,1911,1911,
0,0,0,0,0,0,0,0,0,0,0,0,0,0,0,0,0,0,0,0,0,0,0,0,0,0,0,4095,4095,4095,4095,1638,1638,1638,1638,1638,
0,0,0,0,0,0,0,0,0,0,0,0,0,0,0,0,0,0,0,0,0,0,0,0,0,0,0,4095,4095,4095,4095,1365,1365,1365,1365,1365,
0,0,0,0,0,0,0,0,0,0,0,0,0,0,0,0,0,0,0,0,0,0,0,0,0,0,0,4095,4095,4095,4095,1092,1092,1092,1092,1092,
0,0,0,0,0,0,0,0,0,0,0,0,0,0,0,0,0,0,0,0,0,0,0,0,0,0,0,4095,4095,4095,4095,819,819,819,819,819,
0,0,0,0,0,0,0,0,0,0,0,0,0,0,0,0,0,0,0,0,0,0,0,0,0,0,0,4095,4095,4095,4095,546,546,546,546,546,
0,0,0,0,0,0,0,0,0,0,0,0,0,0,0,0,0,0,0,0,0,0,0,0,0,0,0,4095,4095,4095,4095,273,273,273,273,273,
0,0,0,0,0,0,0,0,0,0,0,0,0,0,0,0,0,0,0,0,0,0,0,0,0,0,0,4095,4095,4095,4095,0,0,0,0,0,
0,0,0,0,0,0,0,0,0,0,0,0,0,0,0,0,0,0,0,0,0,0,0,0,0,0,0,4095,4095,4095,4095,0,0,0,0,0,
0,0,0,0,0,0,0,0,0,0,0,0,0,0,0,0,0,0,0,0,0,0,0,0,0,0,0,4095,4095,4095,4095,0,0,0,0,0,
0,0,0,0,0,0,0,0,0,0,0,0,0,0,0,0,0,0,0,0,0,0,0,0,0,0,0,4095,4095,4095,4095,0,0,0,0,0,
0,0,0,0,0,0,0,0,0,0,0,0,0,0,0,0,0,0,0,0,0,0,0,0,0,0,0,4095,4095,4095,4095,0,0,0,0,0,
0,0,0,0,0,0,0,0,0,0,0,0,0,0,0,0,0,0,0,0,0,0,0,0,0,0,0,4095,4095,4095,4095,0,0,0,0,0,
0,0,0,0,0,0,0,0,0,0,0,0,0,0,0,0,0,0,0,0,0,0,0,0,0,0,0,4095,4095,4095,4095,0,0,0,0,0,
0,0,0,0,0,0,0,0,0,0,0,0,0,0,0,0,0,0,0,0,0,0,0,0,0,0,0,4095,4095,4095,4095,0,0,0,0,0,
0,0,0,0,0,0,0,0,0,0,0,0,0,0,0,0,0,0,0,0,0,0,0,0,0,0,0,4095,4095,4095,4095,0,0,0,0,0,
0,0,0,0,0,0,0,0,0,0,0,0,0,0,0,0,0,0,0,0,0,0,0,0,0,0,0,4095,4095,4095,4095,0,0,0,0,0,
0,0,0,0,0,0,0,0,0,0,0,0,0,0,0,0,0,0,0,0,0,0,0,0,0,0,0,4095,4095,4095,4095,0,0,0,0,0,
0,0,0,0,0,0,0,0,0,0,0,0,0,0,0,0,0,0,0,0,0,0,0,0,0,0,0,4095,4095,4095,4095,0,0,0,0,0,
0,0,0,0,0,0,0,0,0,0,0,0,0,0,0,0,0,0,0,0,0,0,0,0,0,0,0,4095,4095,4095,4095,0,0,0,0,0,
0,0,0,0,0,0,0,0,0,0,0,0,0,0,0,0,0,0,0,0,0,0,0,0,0,0,0,4095,4095,4095,4095,0,0,0,0,0,
0,0,0,0,0,0,0,0,0,0,0,0,0,0,0,0,0,0,0,0,0,0,0,0,0,0,0,4095,4095,4095,4095,0,0,0,0,0,
0,0,0,0,0,0,0,0,0,0,0,0,0,0,0,0,0,0,0,0,0,0,0,0,0,0,0,4095,4095,4095,4095,0,0,0,0,0,
0,0,0,0,0,0,0,0,0,0,0,0,0,0,0,0,0,0,0,0,0,0,0,0,0,0,0,4095,4095,4095,4095,0,0,0,0,0,
4095,4095,4095,0,0,0,0,0,0,0,0,0,0,0,0,0,0,0,0,0,0,0,0,0,0,4095,4095,4095,4095,4095,4095,0,0,0,0,0,
3822,3822,3822,4095,4095,4095,0,0,0,0,0,0,0,0,0,0,0,0,0,0,0,0,0,0,0,4095,4095,4095,4095,4095,4095,0,0,0,0,0,
3549,3549,3549,3822,3822,3822,4095,4095,0,0,0,0,0,0,0,0,0,0,0,0,0,0,0,0,0,4095,4095,4095,4095,4095,4095,0,0,0,0,0,
3276,3276,3276,3549,3549,3549,3822,3822,4095,4095,4095,0,0,0,0,0,0,0,0,0,0,0,0,0,0,4095,4095,4095,4095,4095,4095,0,0,0,0,0,
3003,3003,3003,3276,3276,3276,3549,3549,3822,3822,3822,4095,4095,4095,0,0,0,0,0,0,0,0,0,0,0,4095,4095,4095,4095,4095,4095,0,0,0,0,0,
2730,2730,2730,3003,3003,3003,3276,3276,3549,3549,3549,3822,3822,3822,4095,4095,4095,4095,0,0,0,0,0,0,0,4095,4095,4095,4095,4095,4095,0,0,0,0,0,
2457,2457,2457,2730,2730,2730,3003,3003,3276,3276,3276,3549,3549,3549,3822,3822,3822,3822,4095,4095,0,0,0,0,0,4095,4095,4095,4095,4095,4095,0,0,0,0,0,
2184,2184,2184,2457,2457,2457,2730,2730,3003,3003,3003,3276,3276,3276,3549,3549,3549,3549,3822,3822,0,0,0,0,0,4095,4095,4095,4095,4095,4095,0,0,0,0,0,
1911,1911,1911,2184,2184,2184,2457,2457,2730,2730,2730,3003,3003,3003,3276,3276,3276,3276,3549,3549,0,0,0,0,0,4095,4095,4095,4095,4095,4095,0,0,0,0,0,
1638,1638,1638,1911,1911,1911,2184,2184,2457,2457,2457,2730,2730,2730,3003,3003,3003,3003,3276,3276,0,0,0,0,0,4095,4095,4095,4095,4095,4095,0,0,0,0,0,
1365,1365,1365,1638,1638,1638,1911,1911,2184,2184,2184,2457,2457,2457,2730,2730,2730,2730,3003,3003,0,0,0,0,0,4095,4095,4095,4095,4095,4095,0,0,0,0,0,
1092,1092,1092,1365,1365,1365,1638,1638,1911,1911,1911,2184,2184,2184,2457,2457,2457,2457,2730,2730,0,0,0,0,0,4095,4095,4095,4095,4095,4095,0,0,0,0,0,
819,819,819,1092,1092,1092,1365,1365,1638,1638,1638,1911,1911,1911,2184,2184,2184,2184,2457,2457,0,0,0,0,0,4095,4095,4095,4095,4095,4095,0,0,0,0,0,
546,546,546,819,819,819,1092,1092,1365,1365,1365,1638,1638,1638,1911,1911,1911,1911,2184,2184,0,0,0,0,0,4095,4095,4095,4095,4095,4095,0,0,0,0,0,
273,273,273,546,546,546,819,819,1092,1092,1092,1365,1365,1365,1638,1638,1638,1638,1911,1911,0,0,0,0,0,4095,4095,4095,4095,4095,4095,0,0,0,0,0,
0,0,0,273,273,273,546,546,819,819,819,1092,1092,1092,1365,1365,1365,1365,1638,1638,0,0,0,0,0,4095,4095,4095,4095,4095,4095,0,0,0,0,0,
0,0,0,0,0,0,273,273,546,546,546,819,819,819,1092,1092,1092,1092,1365,1365,0,0,0,0,0,4095,4095,4095,4095,4095,4095,0,0,0,0,0,
0,0,0,0,0,0,0,0,273,273,273,546,546,546,819,819,819,819,1092,1092,0,0,0,0,0,4095,4095,4095,4095,4095,4095,0,0,0,0,0,
0,0,0,0,0,0,0,0,0,0,0,273,273,273,546,546,546,546,819,819,0,0,0,4095,4095,4095,4095,4095,4095,4095,4095,0,0,0,0,0,
0,0,0,0,0,0,0,0,0,0,0,0,0,0,273,273,273,273,546,546,0,0,0,4095,4095,4095,4095,4095,4095,4095,4095,0,0,0,0,0,
0,0,0,0,0,0,0,0,0,0,0,0,0,0,0,0,0,0,273,273,0,0,0,4095,4095,4095,4095,4095,4095,4095,4095,0,0,0,0,0,
0,0,0,0,0,0,0,0,0,0,0,0,0,0,0,0,0,0,0,0,0,0,0,4095,4095,4095,4095,4095,4095,4095,4095,0,0,0,0,0,
0,0,0,0,0,0,0,0,0,0,0,0,0,0,0,0,0,0,0,0,0,0,0,4095,4095,4095,4095,4095,4095,4095,4095,0,0,0,0,0,
0,0,0,0,0,0,0,0,0,0,0,0,0,0,0,0,0,0,0,0,0,0,0,4095,4095,4095,4095,4095,4095,4095,4095,0,0,0,0,0,
0,0,0,0,0,0,0,0,0,0,0,0,0,0,0,0,0,0,0,0,0,0,0,4095,4095,4095,4095,4095,4095,4095,4095,0,0,0,0,0,
0,0,0,0,0,0,0,0,0,0,0,0,0,0,0,0,0,0,0,0,0,0,0,4095,4095,4095,4095,4095,4095,4095,4095,0,0,0,0,0,
0,0,0,0,0,0,0,0,0,0,0,0,0,0,0,0,0,0,0,0,0,0,0,4095,4095,4095,4095,4095,4095,4095,4095,0,0,0,0,0,
0,0,0,0,0,0,0,0,0,0,0,0,0,0,0,0,0,0,0,0,0,0,0,4095,4095,4095,4095,4095,4095,4095,4095,0,0,0,0,0,
0,0,0,0,0,0,0,0,0,0,0,0,0,0,0,0,0,0,0,0,0,0,0,4095,4095,4095,4095,4095,4095,4095,4095,0,0,0,0,0,
0,0,0,0,0,0,0,0,0,0,0,0,0,0,0,0,0,0,0,0,0,0,0,4095,4095,4095,4095,4095,4095,4095,4095,0,0,0,0,0,
0,0,0,0,0,0,0,0,0,0,0,0,0,0,0,0,0,0,0,0,0,0,0,4095,4095,4095,4095,4095,4095,4095,4095,0,0,0,0,0,
0,0,0,0,0,0,0,0,0,0,0,0,0,0,0,0,0,0,0,0,0,0,0,4095,4095,4095,4095,4095,4095,4095,4095,0,0,0,0,0,
0,0,0,0,0,0,0,0,0,0,0,0,0,0,0,0,0,0,0,0,0,0,0,4095,4095,4095,4095,4095,4095,4095,4095,0,0,0,0,0,
0,0,0,0,0,0,0,0,0,0,0,0,0,0,0,0,0,0,0,0,0,0,0,4095,4095,4095,4095,4095,4095,4095,4095,0,0,0,0,0,
0,0,0,0,0,0,0,0,0,0,0,0,0,0,0,0,0,0,0,0,0,0,0,4095,4095,4095,4095,4095,4095,4095,4095,4095,4095,4095,4095,4095,
0,0,0,0,0,0,0,0,0,0,0,0,0,0,0,0,0,0,0,0,0,0,0,4095,4095,4095,4095,4095,4095,4095,4095,3822,3822,3822,3822,3822,
0,0,0,0,0,0,0,0,0,0,0,0,0,0,0,0,0,0,0,0,0,0,0,0,0,0,0,0,0,0,0,3549,3549,3549,3549,3549,
0,0,0,0,0,0,0,0,0,0,0,0,0,0,0,0,0,0,0,0,0,0,0,0,0,0,0,0,0,0,0,3276,3276,3276,3276,3276,
0,0,0,0,0,0,0,0,0,0,0,0,0,0,0,0,0,0,0,0,0,0,0,0,0,0,0,0,0,0,0,3003,3003,3003,3003,3003,
0,0,0,0,0,0,0,0,0,0,0,0,0,0,0,0,0,0,0,0,0,0,0,0,0,0,0,0,0,0,0,2730,2730,2730,2730,2730,
0,0,0,0,0,0,0,0,0,0,0,0,0,0,0,0,0,0,0,0,0,0,0,0,0,0,0,0,0,0,0,2457,2457,2457,2457,2457,
0,0,0,0,0,0,0,0,0,0,0,0,0,0,0,0,0,0,0,0,0,0,0,0,0,0,0,0,0,0,0,2184,2184,2184,2184,2184,
0,0,0,0,0,0,0,0,0,0,0,0,0,0,0,0,0,0,0,0,0,0,0,0,0,0,0,0,0,0,0,1911,1911,1911,1911,1911,
0,0,0,0,0,0,0,0,0,0,0,0,0,0,0,0,0,0,0,0,0,0,0,0,0,0,0,0,0,0,0,1638,1638,1638,1638,1638,
0,0,0,0,0,0,0,0,0,0,0,0,0,0,0,0,0,0,0,0,3276,3276,3276,3276,0,0,0,0,0,0,0,1365,1365,1365,1365,1365,
0,0,0,0,0,0,0,0,0,0,0,0,0,0,0,0,0,0,0,0,3094,3094,3094,3094,0,0,0,0,0,0,0,1092,1092,1092,1092,1092,
0,0,0,0,0,0,0,0,0,0,0,0,0,0,0,0,0,0,0,0,2912,2912,2912,2912,0,0,0,0,0,0,0,819,819,819,819,819,
0,0,0,0,0,0,0,0,0,0,0,0,0,0,0,0,0,0,0,0,2730,2730,2730,2730,0,0,0,0,0,0,0,546,546,546,546,546,
0,0,0,0,0,0,0,0,0,0,0,0,0,0,0,0,0,0,0,0,2548,2548,2548,2548,0,0,0,0,0,0,0,273,273,273,273,273,
0,0,0,0,0,0,0,0,0,0,0,0,0,0,0,0,0,0,0,0,2366,2366,2366,2366,0,0,0,0,0,0,0,0,0,0,0,0,
0,0,0,0,0,0,0,0,0,0,0,0,0,0,0,0,0,0,0,0,2184,2184,2184,2184,0,0,0,0,0,0,0,0,0,0,0,0,
0,0,0,0,0,0,0,0,0,0,0,0,0,0,0,0,0,0,0,0,2002,2002,2002,2002,0,0,0,0,0,0,0,0,0,0,0,0,
0,0,0,0,0,0,0,0,0,0,0,0,0,0,0,0,0,0,0,0,1820,1820,1820,1820,0,0,0,0,0,0,0,0,0,0,0,0,
0,0,0,0,0,0,0,0,0,0,0,0,0,0,0,0,0,0,0,0,1638,1638,1638,1638,0,0,0,0,0,0,0,0,0,0,0,0,
0,0,0,0,0,0,0,0,0,0,0,0,0,0,0,0,0,0,0,0,1456,1456,1456,1456,0,0,0,0,0,0,0,0,0,0,0,0,
0,0,0,0,0,0,0,0,0,0,0,0,0,0,0,0,0,0,0,0,1274,1274,1274,1274,0,0,0,0,0,0,0,0,0,0,0,0,
0,0,0,0,0,0,0,0,0,0,0,0,0,0,0,0,0,0,0,0,1092,1092,1092,1092,0,0,0,0,0,0,0,0,0,0,0,0,
0,0,0,0,0,0,0,0,0,0,0,0,0,0,0,0,0,0,0,0,910,910,910,910,0,0,0,0,0,0,0,0,0,0,0,0,
0,0,0,0,0,0,0,0,0,0,0,0,0,0,0,0,0,0,0,0,728,728,728,728,0,0,0,0,0,0,0,0,0,0,0,0,
0,0,0,0,0,0,0,0,0,0,0,0,0,0,0,0,0,0,0,0,546,546,546,546,0,0,0,0,0,0,0,0,0,0,0,0,
0,0,0,0,0,0,0,0,0,0,0,0,0,0,0,0,0,0,0,0,364,364,364,364,0,0,0,0,0,0,0,0,0,0,0,0,
0,0,0,0,0,0,0,0,0,0,0,0,0,0,0,0,0,0,0,0,182,182,182,182,0,0,0,0,0,0,0,0,0,0,0,0,
0,0,0,0,0,0,0,0,0,0,0,0,0,0,0,0,0,0,0,0,0,0,0,0,3276,3276,3276,0,0,0,0,0,0,0,0,0,
0,0,0,0,0,0,0,0,0,0,0,0,0,0,0,0,0,0,0,0,0,0,0,0,3094,3094,3094,0,0,0,0,0,0,0,0,0,
0,0,0,0,0,0,0,0,0,0,0,0,0,0,0,0,0,0,0,0,0,0,0,0,2912,2912,2912,0,0,0,0,0,0,0,0,0,
0,0,0,0,0,0,0,0,0,0,0,0,0,0,0,0,0,0,0,0,0,0,0,0,2730,2730,2730,0,0,0,0,0,0,0,0,0,
4095,4095,4095,0,0,0,0,0,0,0,0,0,0,0,0,0,0,0,0,0,0,0,0,0,2548,2548,2548,0,0,0,0,0,0,0,0,0,
3822,3822,3822,4095,4095,4095,0,0,0,0,0,0,0,0,0,0,0,0,0,0,0,0,0,0,2366,2366,2366,0,0,0,0,0,0,0,0,0,
3549,3549,3549,3822,3822,3822,4095,4095,0,0,0,0,0,0,0,0,0,0,0,0,0,0,0,0,2184,2184,2184,0,0,0,0,0,0,0,0,0,
3276,3276,3276,3549,3549,3549,3822,3822,4095,4095,4095,4095,0,0,0,0,0,0,0,0,0,0,0,0,2002,2002,2002,0,0,0,0,0,0,0,0,0,
3003,3003,3003,3276,3276,3276,3549,3549,3822,3822,3822,3822,4095,4095,4095,0,0,0,0,0,0,0,0,0,1820,1820,1820,0,0,0,0,0,0,0,0,0,
2730,2730,2730,3003,3003,3003,3276,3276,3549,3549,3549,3549,3822,3822,3822,4095,4095,4095,4095,0,0,0,0,0,1638,1638,1638,0,0,0,0,0,0,0,0,0,
2457,2457,2457,2730,2730,2730,3003,3003,3276,3276,3276,3276,3549,3549,3549,3822,3822,3822,3822,4095,0,0,0,0,1456,1456,1456,0,0,0,0,0,0,0,0,0,
2184,2184,2184,2457,2457,2457,2730,2730,3003,3003,3003,3003,3276,3276,3276,3549,3549,3549,3549,3822,0,0,0,0,1274,1274,1274,0,0,0,0,0,0,0,0,0,
1911,1911,1911,2184,2184,2184,2457,2457,2730,2730,2730,2730,3003,3003,3003,3276,3276,3276,3276,3549,0,0,0,0,1092,1092,1092,0,0,0,0,0,0,0,0,0,
1638,1638,1638,1911,1911,1911,2184,2184,2457,2457,2457,2457,2730,2730,2730,3003,3003,3003,3003,3276,0,0,0,0,910,910,910,0,0,0,0,0,0,0,0,0,
1365,1365,1365,1638,1638,1638,1911,1911,2184,2184,2184,2184,2457,2457,2457,2730,2730,2730,2730,3003,0,0,0,0,728,728,728,0,0,0,0,0,0,0,0,0,
1092,1092,1092,1365,1365,1365,1638,1638,1911,1911,1911,1911,2184,2184,2184,2457,2457,2457,2457,2730,0,0,0,0,546,546,546,0,0,0,0,0,0,0,0,0,
819,819,819,1092,1092,1092,1365,1365,1638,1638,1638,1638,1911,1911,1911,2184,2184,2184,2184,2457,0,0,0,0,364,364,364,0,0,0,0,0,0,0,0,0,
546,546,546,819,819,819,1092,1092,1365,1365,1365,1365,1638,1638,1638,1911,1911,1911,1911,2184,0,0,0,0,182,182,182,3276,3276,3276,3276,0,0,0,0,0,
273,273,273,546,546,546,819,819,1092,1092,1092,1092,1365,1365,1365,1638,1638,1638,1638,1911,0,0,0,0,0,0,0,3094,3094,3094,3094,0,0,0,0,0,
0,0,0,273,273,273,546,546,819,819,819,819,1092,1092,1092,1365,1365,1365,1365,1638,0,0,0,0,0,0,0,2912,2912,2912,2912,0,0,0,0,0,
0,0,0,0,0,0,273,273,546,546,546,546,819,819,819,1092,1092,1092,1092,1365,0,0,0,0,0,0,0,2730,2730,2730,2730,0,0,0,0,0,
0,0,0,0,0,0,0,0,273,273,273,273,546,546,546,819,819,819,819,1092,0,0,0,0,0,0,0,2548,2548,2548,2548,0,0,0,0,0,
0,0,0,0,0,0,0,0,0,0,0,0,273,273,273,546,546,546,546,819,0,0,0,0,0,0,0,2366,2366,2366,2366,0,0,0,0,0,
0,0,0,0,0,0,0,0,0,0,0,0,0,0,0,273,273,273,273,546,0,0,0,0,0,0,0,2184,2184,2184,2184,0,0,0,0,0,
0,0,0,0,0,0,0,0,0,0,0,0,0,0,0,0,0,0,0,273,0,0,0,0,0,0,0,2002,2002,2002,2002,0,0,0,0,0,
0,0,0,0,0,0,0,0,0,0,0,0,0,0,0,0,0,0,0,0,0,0,0,0,0,0,0,1820,1820,1820,1820,0,0,0,0,0,
0,0,0,0,0,0,0,0,0,0,0,0,0,0,0,0,0,0,0,0,0,0,0,0,0,0,0,1638,1638,1638,1638,0,0,0,0,0,
0,0,0,0,0,0,0,0,0,0,0,0,0,0,0,0,0,0,0,0,0,0,0,0,0,0,0,1456,1456,1456,1456,0,0,0,0,0,
0,0,0,0,0,0,0,0,0,0,0,0,0,0,0,0,0,0,0,0,0,0,0,0,0,0,0,1274,1274,1274,1274,0,0,0,0,0,
0,0,0,0,0,0,0,0,0,0,0,0,0,0,0,0,0,0,0,0,0,0,0,0,0,0,0,1092,1092,1092,1092,0,0,0,0,0,
0,0,0,0,0,0,0,0,0,0,0,0,0,0,0,0,0,0,0,0,0,0,0,0,0,0,0,910,910,910,910,0,0,0,0,0,
0,0,0,0,0,0,0,0,0,0,0,0,0,0,0,0,0,0,0,0,0,0,0,0,0,0,0,728,728,728,728,0,0,0,0,0,
0,0,0,0,0,0,0,0,0,0,0,0,0,0,0,0,0,0,0,0,0,0,0,0,0,0,0,546,546,546,546,0,0,0,0,0,
0,0,0,0,0,0,0,0,0,0,0,0,0,0,0,0,0,0,0,0,0,0,0,0,0,0,0,364,364,364,364,0,0,0,0,0,
0,0,0,0,0,0,0,0,0,0,0,0,0,0,0,0,0,0,0,0,0,0,0,0,0,0,0,182,182,182,182,0,0,0,0,0,
0,0,0,0,0,0,0,0,0,0,0,0,0,0,0,0,0,0,0,0,0,0,0,0,0,0,0,0,0,0,0,0,0,0,0,0,
4095,4095,4095,4095,4095,4095,4095,4095,4095,4095,4095,4095,4095,4095,4095,4095,4095,4095,4095,4095,4095,4095,4095,4095,4095,4095,4095,4095,4095,4095,4095,4095,4095,4095,4095,4095,
3868,3868,3868,3868,3868,3868,3868,3868,3868,3868,3868,3868,3868,3868,3868,3868,3868,3868,3868,3868,3868,3868,3868,3868,3868,3868,3868,3868,3868,3868,3868,3868,3868,3868,3868,3868,
3640,3640,3640,3640,3640,3640,3640,3640,3640,3640,3640,3640,3640,3640,3640,3640,3640,3640,3640,3640,3640,3640,3640,3640,3640,3640,3640,3640,3640,3640,3640,3640,3640,3640,3640,3640,
3413,3413,3413,3413,3413,3413,3413,3413,3413,3413,3413,3413,3413,3413,3413,3413,3413,3413,3413,3413,3413,3413,3413,3413,3413,3413,3413,3413,3413,3413,3413,3413,3413,3413,3413,3413,
3185,3185,3185,3185,3185,3185,3185,3185,3185,3185,3185,3185,3185,3185,3185,3185,3185,3185,3185,3185,3185,3185,3185,3185,3185,3185,3185,3185,3185,3185,3185,3185,3185,3185,3185,3185,
2958,2958,2958,2958,2958,2958,2958,2958,2958,2958,2958,2958,2958,2958,2958,2958,2958,2958,2958,2958,2958,2958,2958,2958,2958,2958,2958,2958,2958,2958,2958,2958,2958,2958,2958,2958,
2730,2730,2730,2730,2730,2730,2730,2730,2730,2730,2730,2730,2730,2730,2730,2730,2730,2730,2730,2730,2730,2730,2730,2730,2730,2730,2730,2730,2730,2730,2730,2730,2730,2730,2730,2730,
2503,2503,2503,2503,2503,2503,2503,2503,2503,2503,2503,2503,2503,2503,2503,2503,2503,2503,2503,2503,2503,2503,2503,2503,2503,2503,2503,2503,2503,2503,2503,2503,2503,2503,2503,2503,
2275,2275,2275,2275,2275,2275,2275,2275,2275,2275,2275,2275,2275,2275,2275,2275,2275,2275,2275,2275,2275,2275,2275,2275,2275,2275,2275,2275,2275,2275,2275,2275,2275,2275,2275,2275,
2048,2048,2048,2048,2048,2048,2048,2048,2048,2048,2048,2048,2048,2048,2048,2048,2048,2048,2048,2048,2048,2048,2048,2048,2048,2048,2048,2048,2048,2048,2048,2048,2048,2048,2048,2048,
1820,1820,1820,1820,1820,1820,1820,1820,1820,1820,1820,1820,1820,1820,1820,1820,1820,1820,1820,1820,1820,1820,1820,1820,1820,1820,1820,1820,1820,1820,1820,1820,1820,1820,1820,1820,
1593,1593,1593,1593,1593,1593,1593,1593,1593,1593,1593,1593,1593,1593,1593,1593,1593,1593,1593,1593,1593,1593,1593,1593,1593,1593,1593,1593,1593,1593,1593,1593,1593,1593,1593,1593,
1365,1365,1365,1365,1365,1365,1365,1365,1365,1365,1365,1365,1365,1365,1365,1365,1365,1365,1365,1365,1365,1365,1365,1365,1365,1365,1365,1365,1365,1365,1365,1365,1365,1365,1365,1365,
1138,1138,1138,1138,1138,1138,1138,1138,1138,1138,1138,1138,1138,1138,1138,1138,1138,1138,1138,1138,1138,1138,1138,1138,1138,1138,1138,1138,1138,1138,1138,1138,1138,1138,1138,1138,
910,910,910,910,910,910,910,910,910,910,910,910,910,910,910,910,910,910,910,910,910,910,910,910,910,910,910,910,910,910,910,910,910,910,910,910,
683,683,683,683,683,683,683,683,683,683,683,683,683,683,683,683,683,683,683,683,683,683,683,683,683,683,683,683,683,683,683,683,683,683,683,683,
455,455,455,455,455,455,455,455,455,455,455,455,455,455,455,455,455,455,455,455,455,455,455,455,455,455,455,455,455,455,455,455,455,455,455,455,
228,228,228,228,228,228,228,228,228,228,228,228,228,228,228,228,228,228,228,228,228,228,228,228,228,228,228,228,228,228,228,228,228,228,228,228,
0,0,0,0,0,0,0,0,0,0,0,0,0,0,0,0,0,0,0,0,0,0,0,0,0,0,0,0,0,0,0,0,0,0,0,0,
0,0,0,0,0,0,0,0,0,0,0,0,0,0,0,0,0,0,0,0,0,0,0,0,0,0,0,0,0,0,0,0,0,0,0,0,
0,0,0,0,0,0,0,0,0,0,0,0,0,0,0,0,0,0,0,0,0,0,0,0,0,0,0,0,0,0,0,0,0,0,0,0,
0,0,0,0,0,0,0,0,0,0,0,0,0,0,0,0,0,0,0,0,0,0,0,0,0,0,0,0,0,0,0,0,0,0,0,0,
0,0,0,0,0,0,0,0,0,0,0,0,0,0,0,0,0,0,0,0,0,0,0,0,0,0,0,0,0,0,0,0,0,0,0,0,
0,0,0,0,0,0,0,0,0,0,0,0,0,0,0,0,0,0,0,0,0,0,0,0,0,0,0,0,0,0,0,0,0,0,0,0,
0,0,0,0,0,0,0,0,0,0,0,0,0,0,0,0,0,0,0,0,0,0,0,0,0,0,0,0,0,0,0,0,0,0,0,0,
0,0,0,0,0,0,0,0,0,0,0,0,0,0,0,0,0,0,0,0,0,0,0,0,0,0,0,0,0,0,0,0,0,0,0,0,
0,0,0,0,0,0,0,0,0,0,0,0,0,0,0,0,0,0,0,0,0,0,0,0,0,0,0,0,0,0,0,0,0,0,0,0,
0,0,0,0,0,0,0,0,0,0,0,0,0,0,0,0,0,0,0,0,0,0,0,0,0,0,0,0,0,0,0,0,0,0,0,0,
0,0,0,0,0,0,0,0,0,0,0,0,0,0,0,0,0,0,0,0,0,0,0,0,0,0,0,0,0,0,0,0,0,0,0,0,
0,0,0,0,0,0,0,0,0,0,0,0,0,0,0,0,0,0,0,0,0,0,0,0,0,0,0,0,0,0,0,0,0,0,0,0,
0,0,0,0,0,0,0,0,0,0,0,0,0,0,0,0,0,0,0,0,0,0,0,0,0,0,0,0,0,0,0,0,0,0,0,0,
0,0,0,0,0,0,0,0,0,0,0,0,0,0,0,0,0,0,0,0,0,0,0,0,0,0,0,0,0,0,0,0,0,0,0,0,
4095,4095,0,0,0,0,0,0,0,0,0,0,0,0,0,0,0,0,0,0,0,0,0,0,0,4095,4095,4095,4095,4095,4095,0,0,0,0,0,
3822,3822,4095,4095,4095,0,0,0,0,0,0,0,0,0,0,0,0,0,0,0,0,0,0,0,0,4095,4095,4095,4095,4095,4095,0,0,0,0,0,
3549,3549,3822,3822,3822,4095,4095,0,0,0,0,0,0,0,0,0,0,0,0,0,0,0,0,0,0,4095,4095,4095,4095,4095,4095,0,0,0,0,0,
3276,3276,3549,3549,3549,3822,3822,4095,4095,4095,0,0,0,0,0,0,0,0,0,0,0,0,0,0,0,4095,4095,4095,4095,4095,4095,0,0,0,0,0,
3003,3003,3276,3276,3276,3549,3549,3822,3822,3822,4095,4095,4095,4095,0,0,0,0,0,0,0,0,0,0,0,4095,4095,4095,4095,4095,4095,0,0,0,0,0,
2730,2730,3003,3003,3003,3276,3276,3549,3549,3549,3822,3822,3822,3822,4095,4095,4095,0,0,0,0,0,0,0,0,4095,4095,4095,4095,4095,4095,0,0,0,0,0,
2457,2457,2730,2730,2730,3003,3003,3276,3276,3276,3549,3549,3549,3549,3822,3822,3822,4095,4095,4095,0,0,0,0,0,4095,4095,4095,4095,4095,4095,0,0,0,0,0,
2184,2184,2457,2457,2457,2730,2730,3003,3003,3003,3276,3276,3276,3276,3549,3549,3549,3822,3822,3822,0,0,0,0,0,4095,4095,4095,4095,4095,4095,0,0,0,0,0,
1911,1911,2184,2184,2184,2457,2457,2730,2730,2730,3003,3003,3003,3003,3276,3276,3276,3549,3549,3549,0,0,0,0,0,4095,4095,4095,4095,4095,4095,0,0,0,0,0,
1638,1638,1911,1911,1911,2184,2184,2457,2457,2457,2730,2730,2730,2730,3003,3003,3003,3276,3276,3276,0,0,0,0,0,4095,4095,4095,4095,4095,4095,0,0,0,0,0,
1365,1365,1638,1638,1638,1911,1911,2184,2184,2184,2457,2457,2457,2457,2730,2730,2730,3003,3003,3003,0,0,0,0,0,4095,4095,4095,4095,4095,4095,0,0,0,0,0,
1092,1092,1365,1365,1365,1638,1638,1911,1911,1911,2184,2184,2184,2184,2457,2457,2457,2730,2730,2730,0,0,0,0,0,4095,4095,4095,4095,4095,4095,0,0,0,0,0,
819,819,1092,1092,1092,1365,1365,1638,1638,1638,1911,1911,1911,1911,2184,2184,2184,2457,2457,2457,0,0,0,0,0,4095,4095,4095,4095,4095,4095,0,0,0,0,0,
546,546,819,819,819,1092,1092,1365,1365,1365,1638,1638,1638,1638,1911,1911,1911,2184,2184,2184,0,0,0,0,0,4095,4095,4095,4095,4095,4095,0,0,0,0,0,
273,273,546,546,546,819,819,1092,1092,1092,1365,1365,1365,1365,1638,1638,1638,1911,1911,1911,0,0,0,0,0,4095,4095,4095,4095,4095,4095,0,0,0,0,0,
0,0,273,273,273,546,546,819,819,819,1092,1092,1092,1092,1365,1365,1365,1638,1638,1638,0,0,0,4095,4095,4095,4095,4095,4095,4095,4095,0,0,0,0,0,
0,0,0,0,0,273,273,546,546,546,819,819,819,819,1092,1092,1092,1365,1365,1365,0,0,0,4095,4095,4095,4095,4095,4095,4095,4095,0,0,0,0,0,
0,0,0,0,0,0,0,273,273,273,546,546,546,546,819,819,819,1092,1092,1092,0,0,0,4095,4095,4095,4095,4095,4095,4095,4095,0,0,0,0,0,
0,0,0,0,0,0,0,0,0,0,273,273,273,273,546,546,546,819,819,819,0,0,0,4095,4095,4095,4095,4095,4095,4095,4095,0,0,0,0,0,
0,0,0,0,0,0,0,0,0,0,0,0,0,0,273,273,273,546,546,546,0,0,0,4095,4095,4095,4095,4095,4095,4095,4095,0,0,0,0,0,
0,0,0,0,0,0,0,0,0,0,0,0,0,0,0,0,0,273,273,273,0,0,0,4095,4095,4095,4095,4095,4095,4095,4095,0,0,0,0,0,
0,0,0,0,0,0,0,0,0,0,0,0,0,0,0,0,0,0,0,0,0,0,0,4095,4095,4095,4095,4095,4095,4095,4095,0,0,0,0,0,
0,0,0,0,0,0,0,0,0,0,0,0,0,0,0,0,0,0,0,0,0,0,0,4095,4095,4095,4095,4095,4095,4095,4095,0,0,0,0,0,
0,0,0,0,0,0,0,0,0,0,0,0,0,0,0,0,0,0,0,0,0,0,0,4095,4095,4095,4095,4095,4095,4095,4095,0,0,0,0,0,
0,0,0,0,0,0,0,0,0,0,0,0,0,0,0,0,0,0,0,0,0,0,0,4095,4095,4095,4095,4095,4095,4095,4095,0,0,0,0,0,
0,0,0,0,0,0,0,0,0,0,0,0,0,0,0,0,0,0,0,0,0,0,0,4095,4095,4095,4095,4095,4095,4095,4095,0,0,0,0,0,
0,0,0,0,0,0,0,0,0,0,0,0,0,0,0,0,0,0,0,0,0,0,0,4095,4095,4095,4095,4095,4095,4095,4095,0,0,0,0,0,
0,0,0,0,0,0,0,0,0,0,0,0,0,0,0,0,0,0,0,0,0,0,0,4095,4095,4095,4095,4095,4095,4095,4095,0,0,0,0,0,
0,0,0,0,0,0,0,0,0,0,0,0,0,0,0,0,0,0,0,0,0,0,0,4095,4095,4095,4095,4095,4095,4095,4095,0,0,0,0,0,
0,0,0,0,0,0,0,0,0,0,0,0,0,0,0,0,0,0,0,0,0,0,0,4095,4095,4095,4095,4095,4095,4095,4095,0,0,0,0,0,
0,0,0,0,0,0,0,0,0,0,0,0,0,0,0,0,0,0,0,0,0,0,0,4095,4095,4095,4095,4095,4095,4095,4095,0,0,0,0,0,
0,0,0,0,0,0,0,0,0,0,0,0,0,0,0,0,0,0,0,0,0,0,0,4095,4095,4095,4095,4095,4095,4095,4095,0,0,0,0,0,
0,0,0,0,0,0,0,0,0,0,0,0,0,0,0,0,0,0,0,0,0,0,0,4095,4095,4095,4095,4095,4095,4095,4095,0,0,0,0,0,
0,0,0,0,0,0,0,0,0,0,0,0,0,0,0,0,0,0,0,0,0,0,0,4095,4095,4095,4095,4095,4095,4095,4095,0,0,0,0,0,
0,0,0,0,0,0,0,0,0,0,0,0,0,0,0,0,0,0,0,0,0,0,0,4095,4095,4095,4095,4095,4095,4095,4095,0,0,0,0,0,
0,0,0,0,0,0,0,0,0,0,0,0,0,0,0,0,0,0,0,0,0,0,0,4095,4095,4095,4095,4095,4095,4095,4095,4095,4095,4095,4095,4095,
0,0,0,0,0,0,0,0,0,0,0,0,0,0,0,0,0,0,0,0,0,0,0,4095,4095,4095,4095,4095,4095,4095,4095,3822,3822,3822,3822,3822,
0,0,0,0,0,0,0,0,0,0,0,0,0,0,0,0,0,0,0,0,0,0,0,4095,4095,4095,4095,4095,4095,4095,4095,3549,3549,3549,3549,3549,
0,0,0,0,0,0,0,0,0,0,0,0,0,0,0,0,0,0,0,0,0,0,0,4095,4095,4095,4095,4095,4095,4095,4095,3276,3276,3276,3276,3276,
0,0,0,0,0,0,0,0,0,0,0,0,0,0,0,0,0,0,0,0,0,0,0,4095,4095,4095,4095,4095,4095,4095,4095,3003,3003,3003,3003,3003,
0,0,0,0,0,0,0,0,0,0,0,0,0,0,0,0,0,0,0,0,0,0,0,4095,4095,4095,4095,4095,4095,4095,4095,2730,2730,2730,2730,2730,
0,0,0,0,0,0,0,0,0,0,0,0,0,0,0,0,0,0,0,0,0,0,0,4095,4095,4095,4095,4095,4095,4095,4095,2457,2457,2457,2457,2457,
0,0,0,0,0,0,0,0,0,0,0,0,0,0,0,0,0,0,0,0,0,0,0,4095,4095,4095,4095,4095,4095,4095,4095,2184,2184,2184,2184,2184,
0,0,0,0,0,0,0,0,0,0,0,0,0,0,0,0,0,0,0,0,0,0,0,4095,4095,4095,4095,4095,4095,4095,4095,1911,1911,1911,1911,1911,
0,0,0,0,0,0,0,0,0,0,0,0,0,0,0,0,0,0,0,0,0,0,0,4095,4095,4095,4095,4095,4095,4095,4095,1638,1638,1638,1638,1638,
0,0,0,0,0,0,0,0,0,0,0,0,0,0,0,0,0,0,0,0,0,0,0,4095,4095,4095,4095,4095,4095,4095,4095,1365,1365,1365,1365,1365,
0,0,0,0,0,0,0,0,0,0,0,0,0,0,0,0,0,0,0,0,0,0,0,4095,4095,4095,4095,4095,4095,4095,4095,1092,1092,1092,1092,1092,
0,0,0,0,0,0,0,0,0,0,0,0,0,0,0,0,0,0,0,0,0,0,0,4095,4095,4095,4095,4095,4095,4095,4095,819,819,819,819,819,
0,0,0,0,0,0,0,0,0,0,0,0,0,0,0,0,0,0,0,0,0,0,0,4095,4095,4095,4095,4095,4095,4095,4095,546,546,546,546,546,
0,0,0,0,0,0,0,0,0,0,0,0,0,0,0,0,0,0,0,0,0,0,0,4095,4095,4095,4095,4095,4095,4095,4095,273,273,273,273,273,
0,0,0,0,0,0,0,0,0,0,0,0,0,0,0,0,0,0,0,0,0,0,0,4095,4095,4095,4095,4095,4095,4095,4095,0,0,0,0,0,
0,0,0,0,0,0,0,0,0,0,0,0,0,0,0,0,0,0,0,0,0,0,0,4095,4095,4095,4095,4095,4095,4095,4095,0,0,0,0,0,
0,0,0,0,0,0,0,0,0,0,0,0,0,0,0,0,0,0,0,0,0,0,0,4095,4095,4095,4095,4095,4095,4095,4095,0,0,0,0,0,
0,0,0,0,0,0,0,0,0,0,0,0,0,0,0,0,0,0,0,0,0,0,0,4095,4095,4095,4095,4095,4095,4095,4095,0,0,0,0,0,
0,0,0,0,0,0,0,0,0,0,0,0,0,0,0,0,0,0,0,0,0,0,0,4095,4095,4095,4095,4095,4095,4095,4095,0,0,0,0,0,
0,0,0,0,0,0,0,0,0,0,0,0,0,0,0,0,0,0,0,0,0,0,0,4095,4095,4095,4095,4095,4095,4095,4095,0,0,0,0,0,
0,0,0,0,0,0,0,0,0,0,0,0,0,0,0,0,0,0,0,0,0,0,0,4095,4095,4095,4095,4095,4095,4095,4095,0,0,0,0,0,
0,0,0,0,0,0,0,0,0,0,0,0,0,0,0,0,0,0,0,0,0,0,0,4095,4095,4095,4095,4095,4095,4095,4095,0,0,0,0,0,
0,0,0,0,0,0,0,0,0,0,0,0,0,0,0,0,0,0,0,0,0,0,0,4095,4095,4095,4095,4095,4095,4095,4095,0,0,0,0,0,
0,0,0,0,0,0,0,0,0,0,0,0,0,0,0,0,0,0,0,0,0,0,0,4095,4095,4095,4095,4095,4095,4095,4095,0,0,0,0,0,
0,0,0,0,0,0,0,0,0,0,0,0,0,0,0,0,0,0,0,0,0,0,0,4095,4095,4095,4095,4095,4095,4095,4095,0,0,0,0,0,
0,0,0,0,0,0,0,0,0,0,0,0,0,0,0,0,0,0,0,0,0,0,0,4095,4095,4095,4095,4095,4095,4095,4095,0,0,0,0,0,
0,0,0,0,0,0,0,0,0,0,0,0,0,0,0,0,0,0,0,0,0,0,0,4095,4095,4095,4095,4095,4095,4095,4095,0,0,0,0,0,
0,0,0,0,0,0,0,0,0,0,0,0,0,0,0,0,0,0,0,0,0,0,0,4095,4095,4095,4095,4095,4095,4095,4095,0,0,0,0,0,
0,0,0,0,0,0,0,0,0,0,0,0,0,0,0,0,0,0,0,0,0,0,0,4095,4095,4095,4095,4095,4095,4095,4095,0,0,0,0,0,
0,0,0,0,0,0,0,0,0,0,0,0,0,0,0,0,0,0,0,0,0,0,0,4095,4095,4095,4095,4095,4095,4095,4095,0,0,0,0,0,
0,0,0,0,0,0,0,0,0,0,0,0,0,0,0,0,0,0,0,0,0,0,0,0,0,4095,4095,4095,4095,4095,4095,0,0,0,0,0,
4095,4095,0,0,0,0,0,0,0,0,0,0,0,0,0,0,0,0,0,0,0,0,0,0,0,4095,4095,4095,4095,4095,4095,0,0,0,0,0,
3822,3822,4095,4095,4095,0,0,0,0,0,0,0,0,0,0,0,0,0,0,0,0,0,0,0,0,4095,4095,4095,4095,4095,4095,0,0,0,0,0,
3549,3549,3822,3822,3822,4095,4095,0,0,0,0,0,0,0,0,0,0,0,0,0,0,0,0,0,0,4095,4095,4095,4095,4095,4095,0,0,0,0,0,
3276,3276,3549,3549,3549,3822,3822,4095,4095,4095,0,0,0,0,0,0,0,0,0,0,0,0,0,0,0,4095,4095,4095,4095,4095,4095,0,0,0,0,0,
3003,3003,3276,3276,3276,3549,3549,3822,3822,3822,4095,4095,4095,4095,0,0,0,0,0,0,0,0,0,0,0,4095,4095,4095,4095,4095,4095,0,0,0,0,0,
2730,2730,3003,3003,3003,3276,3276,3549,3549,3549,3822,3822,3822,3822,4095,4095,4095,0,0,0,0,0,0,0,0,4095,4095,4095,4095,4095,4095,0,0,0,0,0,
2457,2457,2730,2730,2730,3003,3003,3276,3276,3276,3549,3549,3549,3549,3822,3822,3822,4095,4095,4095,0,0,0,0,0,4095,4095,4095,4095,4095,4095,0,0,0,0,0,
2184,2184,2457,2457,2457,2730,2730,3003,3003,3003,3276,3276,3276,3276,3549,3549,3549,3822,3822,3822,0,0,0,0,0,4095,4095,4095,4095,4095,4095,0,0,0,0,0,
1911,1911,2184,2184,2184,2457,2457,2730,2730,2730,3003,3003,3003,3003,3276,3276,3276,3549,3549,3549,0,0,0,0,0,4095,4095,4095,4095,4095,4095,0,0,0,0,0,
1638,1638,1911,1911,1911,2184,2184,2457,2457,2457,2730,2730,2730,2730,3003,3003,3003,3276,3276,3276,0,0,0,0,0,4095,4095,4095,4095,4095,4095,0,0,0,0,0,
1365,1365,1638,1638,1638,1911,1911,2184,2184,2184,2457,2457,2457,2457,2730,2730,2730,3003,3003,3003,0,0,0,0,0,4095,4095,4095,4095,4095,4095,0,0,0,0,0,
1092,1092,1365,1365,1365,1638,1638,1911,1911,1911,2184,2184,2184,2184,2457,2457,2457,2730,2730,2730,0,0,0,0,0,4095,4095,4095,4095,4095,4095,0,0,0,0,0,
819,819,1092,1092,1092,1365,1365,1638,1638,1638,1911,1911,1911,1911,2184,2184,2184,2457,2457,2457,0,0,0,0,0,4095,4095,4095,4095,4095,4095,0,0,0,0,0,
546,546,819,819,819,1092,1092,1365,1365,1365,1638,1638,1638,1638,1911,1911,1911,2184,2184,2184,0,0,0,0,0,4095,4095,4095,4095,4095,4095,0,0,0,0,0,
273,273,546,546,546,819,819,1092,1092,1092,1365,1365,1365,1365,1638,1638,1638,1911,1911,1911,0,0,0,0,0,4095,4095,4095,4095,4095,4095,0,0,0,0,0,
0,0,273,273,273,546,546,819,819,819,1092,1092,1092,1092,1365,1365,1365,1638,1638,1638,0,0,0,0,0,4095,4095,4095,4095,4095,4095,0,0,0,0,0,
0,0,0,0,0,273,273,546,546,546,819,819,819,819,1092,1092,1092,1365,1365,1365,0,0,0,0,0,4095,4095,4095,4095,4095,4095,0,0,0,0,0,
0,0,0,0,0,0,0,273,273,273,546,546,546,546,819,819,819,1092,1092,1092,0,0,0,0,0,0,0,4095,4095,4095,4095,0,0,0,0,0,
0,0,0,0,0,0,0,0,0,0,273,273,273,273,546,546,546,819,819,819,0,0,0,0,0,0,0,4095,4095,4095,4095,0,0,0,0,0,
0,0,0,0,0,0,0,0,0,0,0,0,0,0,273,273,273,546,546,546,0,0,0,0,0,0,0,4095,4095,4095,4095,0,0,0,0,0,
0,0,0,0,0,0,0,0,0,0,0,0,0,0,0,0,0,273,273,273,0,0,0,0,0,0,0,4095,4095,4095,4095,0,0,0,0,0,
0,0,0,0,0,0,0,0,0,0,0,0,0,0,0,0,0,0,0,0,0,0,0,0,0,0,0,4095,4095,4095,4095,0,0,0,0,0,
0,0,0,0,0,0,0,0,0,0,0,0,0,0,0,0,0,0,0,0,0,0,0,0,0,0,0,4095,4095,4095,4095,0,0,0,0,0,
0,0,0,0,0,0,0,0,0,0,0,0,0,0,0,0,0,0,0,0,0,0,0,0,0,0,0,4095,4095,4095,4095,0,0,0,0,0,
0,0,0,0,0,0,0,0,0,0,0,0,0,0,0,0,0,0,0,0,0,0,0,0,0,0,0,4095,4095,4095,4095,0,0,0,0,0,
0,0,0,0,0,0,0,0,0,0,0,0,0,0,0,0,0,0,0,0,0,0,0,0,0,0,0,4095,4095,4095,4095,0,0,0,0,0,
0,0,0,0,0,0,0,0,0,0,0,0,0,0,0,0,0,0,0,0,0,0,0,0,0,0,0,4095,4095,4095,4095,0,0,0,0,0,
0,0,0,0,0,0,0,0,0,0,0,0,0,0,0,0,0,0,0,0,0,0,0,0,0,0,0,4095,4095,4095,4095,0,0,0,0,0,
0,0,0,0,0,0,0,0,0,0,0,0,0,0,0,0,0,0,0,0,0,0,0,0,0,0,0,4095,4095,4095,4095,0,0,0,0,0,
0,0,0,0,0,0,0,0,0,0,0,0,0,0,0,0,0,0,0,0,0,0,0,0,0,0,0,4095,4095,4095,4095,0,0,0,0,0,
0,0,0,0,0,0,0,0,0,0,0,0,0,0,0,0,0,0,0,0,0,0,0,0,0,0,0,4095,4095,4095,4095,0,0,0,0,0,
0,0,0,0,0,0,0,0,0,0,0,0,0,0,0,0,0,0,0,0,0,0,0,0,0,0,0,4095,4095,4095,4095,0,0,0,0,0,
0,0,0,0,0,0,0,0,0,0,0,0,0,0,0,0,0,0,0,0,0,0,0,0,0,0,0,4095,4095,4095,4095,4095,4095,4095,4095,4095,
0,0,0,0,0,0,0,0,0,0,0,0,0,0,0,0,0,0,0,0,0,0,0,0,0,0,0,4095,4095,4095,4095,3822,3822,3822,3822,3822,
0,0,0,0,0,0,0,0,0,0,0,0,0,0,0,0,0,0,0,0,0,0,0,0,0,0,0,4095,4095,4095,4095,3549,3549,3549,3549,3549,
0,0,0,0,0,0,0,0,0,0,0,0,0,0,0,0,0,0,0,0,0,0,0,0,0,0,0,4095,4095,4095,4095,3276,3276,3276,3276,3276,
0,0,0,0,0,0,0,0,0,0,0,0,0,0,0,0,0,0,0,0,0,0,0,0,0,0,0,4095,4095,4095,4095,3003,3003,3003,3003,3003,
0,0,0,0,0,0,0,0,0,0,0,0,0,0,0,0,0,0,0,0,0,0,0,0,0,0,0,4095,4095,4095,4095,2730,2730,2730,2730,2730,
0,0,0,0,0,0,0,0,0,0,0,0,0,0,0,0,0,0,0,0,0,0,0,0,0,0,0,4095,4095,4095,4095,2457,2457,2457,2457,2457,
0,0,0,0,0,0,0,0,0,0,0,0,0,0,0,0,0,0,0,0,0,0,0,0,0,0,0,4095,4095,4095,4095,2184,2184,2184,2184,2184,
0,0,0,0,0,0,0,0,0,0,0,0,0,0,0,0,0,0,0,0,0,0,0,0,0,0,0,4095,4095,4095,4095,1911,1911,1911,1911,1911,
0,0,0,0,0,0,0,0,0,0,0,0,0,0,0,0,0,0,0,0,0,0,0,0,0,0,0,4095,4095,4095,4095,1638,1638,1638,1638,1638,
0,0,0,0,0,0,0,0,0,0,0,0,0,0,0,0,0,0,0,0,0,0,0,0,0,0,0,4095,4095,4095,4095,1365,1365,1365,1365,1365,
0,0,0,0,0,0,0,0,0,0,0,0,0,0,0,0,0,0,0,0,0,0,0,0,0,0,0,4095,4095,4095,4095,1092,1092,1092,1092,1092,
0,0,0,0,0,0,0,0,0,0,0,0,0,0,0,0,0,0,0,0,0,0,0,0,0,0,0,4095,4095,4095,4095,819,819,819,819,819,
0,0,0,0,0,0,0,0,0,0,0,0,0,0,0,0,0,0,0,0,0,0,0,0,0,0,0,4095,4095,4095,4095,546,546,546,546,546,
0,0,0,0,0,0,0,0,0,0,0,0,0,0,0,0,0,0,0,0,0,0,0,0,0,0,0,4095,4095,4095,4095,273,273,273,273,273,
0,0,0,0,0,0,0,0,0,0,0,0,0,0,0,0,0,0,0,0,0,0,0,0,0,0,0,4095,4095,4095,4095,0,0,0,0,0,
0,0,0,0,0,0,0,0,0,0,0,0,0,0,0,0,0,0,0,0,0,0,0,0,0,0,0,4095,4095,4095,4095,0,0,0,0,0,
0,0,0,0,0,0,0,0,0,0,0,0,0,0,0,0,0,0,0,0,0,0,0,0,0,0,0,4095,4095,4095,4095,0,0,0,0,0,
0,0,0,0,0,0,0,0,0,0,0,0,0,0,0,0,0,0,0,0,0,0,0,0,0,0,0,4095,4095,4095,4095,0,0,0,0,0,
0,0,0,0,0,0,0,0,0,0,0,0,0,0,0,0,0,0,0,0,0,0,0,0,0,0,0,4095,4095,4095,4095,0,0,0,0,0,
0,0,0,0,0,0,0,0,0,0,0,0,0,0,0,0,0,0,0,0,0,0,0,0,0,0,0,4095,4095,4095,4095,0,0,0,0,0,
0,0,0,0,0,0,0,0,0,0,0,0,0,0,0,0,0,0,0,0,0,0,0,0,0,0,0,4095,4095,4095,4095,0,0,0,0,0,
0,0,0,0,0,0,0,0,0,0,0,0,0,0,0,0,0,0,0,0,0,0,0,0,0,0,0,4095,4095,4095,4095,0,0,0,0,0,
0,0,0,0,0,0,0,0,0,0,0,0,0,0,0,0,0,0,0,0,0,0,0,0,0,0,0,4095,4095,4095,4095,0,0,0,0,0,
0,0,0,0,0,0,0,0,0,0,0,0,0,0,0,0,0,0,0,0,0,0,0,0,0,0,0,4095,4095,4095,4095,0,0,0,0,0,
0,0,0,0,0,0,0,0,0,0,0,0,0,0,0,0,0,0,0,0,0,0,0,0,0,0,0,4095,4095,4095,4095,0,0,0,0,0,
0,0,0,0,0,0,0,0,0,0,0,0,0,0,0,0,0,0,0,0,0,0,0,0,0,0,0,4095,4095,4095,4095,0,0,0,0,0,
0,0,0,0,0,0,0,0,0,0,0,0,0,0,0,0,0,0,0,0,0,0,0,0,0,0,0,4095,4095,4095,4095,0,0,0,0,0,
0,0,0,0,0,0,0,0,0,0,0,0,0,0,0,0,0,0,0,0,0,0,0,0,0,0,0,4095,4095,4095,4095,0,0,0,0,0,
0,0,0,0,0,0,0,0,0,0,0,0,0,0,0,0,0,0,0,0,0,0,0,0,0,0,0,4095,4095,4095,4095,0,0,0,0,0,
0,0,0,0,0,0,0,0,0,0,0,0,0,0,0,0,0,0,0,0,0,0,0,0,0,0,0,4095,4095,4095,4095,0,0,0,0,0,
0,0,0,0,0,0,0,0,0,0,0,0,0,0,0,0,0,0,0,0,0,0,0,0,0,0,0,4095,4095,4095,4095,0,0,0,0,0,
0,0,0,0,0,0,0,0,0,0,0,0,0,0,0,0,0,0,0,0,0,0,0,0,0,0,0,4095,4095,4095,4095,0,0,0,0,0,
4095,0,0,0,0,0,0,0,0,0,0,0,0,0,0,0,0,0,0,0,0,0,0,0,0,4095,4095,4095,4095,4095,4095,0,0,0,0,0,
3822,4095,4095,4095,0,0,0,0,0,0,0,0,0,0,0,0,0,0,0,0,0,0,0,0,0,4095,4095,4095,4095,4095,4095,0,0,0,0,0,
3549,3822,3822,3822,4095,4095,4095,0,0,0,0,0,0,0,0,0,0,0,0,0,0,0,0,0,0,4095,4095,4095,4095,4095,4095,0,0,0,0,0,
3276,3549,3549,3549,3822,3822,3822,4095,4095,0,0,0,0,0,0,0,0,0,0,0,0,0,0,0,0,4095,4095,4095,4095,4095,4095,0,0,0,0,0,
3003,3276,3276,3276,3549,3549,3549,3822,3822,4095,4095,4095,4095,0,0,0,0,0,0,0,0,0,0,0,0,4095,4095,4095,4095,4095,4095,0,0,0,0,0,
2730,3003,3003,3003,3276,3276,3276,3549,3549,3822,3822,3822,3822,4095,4095,4095,0,0,0,0,0,0,0,0,0,4095,4095,4095,4095,4095,4095,0,0,0,0,0,
2457,2730,2730,2730,3003,3003,3003,3276,3276,3549,3549,3549,3549,3822,3822,3822,4095,4095,4095,0,0,0,0,0,0,4095,4095,4095,4095,4095,4095,0,0,0,0,0,
2184,2457,2457,2457,2730,2730,2730,3003,3003,3276,3276,3276,3276,3549,3549,3549,3822,3822,3822,4095,0,0,0,0,0,4095,4095,4095,4095,4095,4095,0,0,0,0,0,
1911,2184,2184,2184,2457,2457,2457,2730,2730,3003,3003,3003,3003,3276,3276,3276,3549,3549,3549,3822,0,0,0,0,0,4095,4095,4095,4095,4095,4095,0,0,0,0,0,
1638,1911,1911,1911,2184,2184,2184,2457,2457,2730,2730,2730,2730,3003,3003,3003,3276,3276,3276,3549,0,0,0,0,0,4095,4095,4095,4095,4095,4095,0,0,0,0,0,
1365,1638,1638,1638,1911,1911,1911,2184,2184,2457,2457,2457,2457,2730,2730,2730,3003,3003,3003,3276,0,0,0,0,0,4095,4095,4095,4095,4095,4095,0,0,0,0,0,
1092,1365,1365,1365,1638,1638,1638,1911,1911,2184,2184,2184,2184,2457,2457,2457,2730,2730,2730,3003,0,0,0,0,0,4095,4095,4095,4095,4095,4095,0,0,0,0,0,
819,1092,1092,1092,1365,1365,1365,1638,1638,1911,1911,1911,1911,2184,2184,2184,2457,2457,2457,2730,0,0,0,0,0,4095,4095,4095,4095,4095,4095,0,0,0,0,0,
546,819,819,819,1092,1092,1092,1365,1365,1638,1638,1638,1638,1911,1911,1911,2184,2184,2184,2457,0,0,0,0,0,4095,4095,4095,4095,4095,4095,0,0,0,0,0,
273,546,546,546,819,819,819,1092,1092,1365,1365,1365,1365,1638,1638,1638,1911,1911,1911,2184,0,0,0,0,0,4095,4095,4095,4095,4095,4095,0,0,0,0,0,
0,273,273,273,546,546,546,819,819,1092,1092,1092,1092,1365,1365,1365,1638,1638,1638,1911,0,0,0,0,0,4095,4095,4095,4095,4095,4095,0,0,0,0,0,
0,0,0,0,273,273,273,546,546,819,819,819,819,1092,1092,1092,1365,1365,1365,1638,0,0,0,0,0,4095,4095,4095,4095,4095,4095,0,0,0,0,0,
0,0,0,0,0,0,0,273,273,546,546,546,546,819,819,819,1092,1092,1092,1365,0,0,0,4095,4095,4095,4095,4095,4095,4095,4095,0,0,0,0,0,
0,0,0,0,0,0,0,0,0,273,273,273,273,546,546,546,819,819,819,1092,0,0,0,4095,4095,4095,4095,4095,4095,4095,4095,0,0,0,0,0,
0,0,0,0,0,0,0,0,0,0,0,0,0,273,273,273,546,546,546,819,0,0,0,4095,4095,4095,4095,4095,4095,4095,4095,0,0,0,0,0,
0,0,0,0,0,0,0,0,0,0,0,0,0,0,0,0,273,273,273,546,0,0,0,4095,4095,4095,4095,4095,4095,4095,4095,0,0,0,0,0,
0,0,0,0,0,0,0,0,0,0,0,0,0,0,0,0,0,0,0,273,0,0,0,4095,4095,4095,4095,4095,4095,4095,4095,0,0,0,0,0,
0,0,0,0,0,0,0,0,0,0,0,0,0,0,0,0,0,0,0,0,0,0,0,4095,4095,4095,4095,4095,4095,4095,4095,0,0,0,0,0,
0,0,0,0,0,0,0,0,0,0,0,0,0,0,0,0,0,0,0,0,0,0,0,4095,4095,4095,4095,4095,4095,4095,4095,0,0,0,0,0,
0,0,0,0,0,0,0,0,0,0,0,0,0,0,0,0,0,0,0,0,0,0,0,4095,4095,4095,4095,4095,4095,4095,4095,0,0,0,0,0,
0,0,0,0,0,0,0,0,0,0,0,0,0,0,0,0,0,0,0,0,0,0,0,4095,4095,4095,4095,4095,4095,4095,4095,0,0,0,0,0,
0,0,0,0,0,0,0,0,0,0,0,0,0,0,0,0,0,0,0,0,0,0,0,4095,4095,4095,4095,4095,4095,4095,4095,0,0,0,0,0,
0,0,0,0,0,0,0,0,0,0,0,0,0,0,0,0,0,0,0,0,0,0,0,4095,4095,4095,4095,4095,4095,4095,4095,0,0,0,0,0,
0,0,0,0,0,0,0,0,0,0,0,0,0,0,0,0,0,0,0,0,0,0,0,4095,4095,4095,4095,4095,4095,4095,4095,0,0,0,0,0,
0,0,0,0,0,0,0,0,0,0,0,0,0,0,0,0,0,0,0,0,0,0,0,4095,4095,4095,4095,4095,4095,4095,4095,0,0,0,0,0,
0,0,0,0,0,0,0,0,0,0,0,0,0,0,0,0,0,0,0,0,0,0,0,4095,4095,4095,4095,4095,4095,4095,4095,0,0,0,0,0,
0,0,0,0,0,0,0,0,0,0,0,0,0,0,0,0,0,0,0,0,0,0,0,4095,4095,4095,4095,4095,4095,4095,4095,0,0,0,0,0,
0,0,0,0,0,0,0,0,0,0,0,0,0,0,0,0,0,0,0,0,0,0,0,4095,4095,4095,4095,4095,4095,4095,4095,0,0,0,0,0,
0,0,0,0,0,0,0,0,0,0,0,0,0,0,0,0,0,0,0,0,0,0,0,4095,4095,4095,4095,4095,4095,4095,4095,4095,4095,4095,4095,4095,
0,0,0,0,0,0,0,0,0,0,0,0,0,0,0,0,0,0,0,0,0,0,0,4095,4095,4095,4095,4095,4095,4095,4095,3822,3822,3822,3822,3822,
0,0,0,0,0,0,0,0,0,0,0,0,0,0,0,0,0,0,0,0,0,0,0,0,0,4095,4095,4095,4095,4095,4095,3549,3549,3549,3549,3549,
0,0,0,0,0,0,0,0,0,0,0,0,0,0,0,0,0,0,0,0,0,0,0,0,0,0,0,0,0,0,0,3276,3276,3276,3276,3276,
0,0,0,0,0,0,0,0,0,0,0,0,0,0,0,0,0,0,0,0,0,0,0,0,0,0,0,0,0,0,0,3003,3003,3003,3003,3003,
0,0,0,0,0,0,0,0,0,0,0,0,0,0,0,0,0,0,0,0,0,0,0,0,0,0,0,0,0,0,0,2730,2730,2730,2730,2730,
0,0,0,0,0,0,0,0,0,0,0,0,0,0,0,0,0,0,0,0,0,0,0,0,0,0,0,0,0,0,0,2457,2457,2457,2457,2457,
0,0,0,0,0,0,0,0,0,0,0,0,0,0,0,0,0,0,0,0,0,0,0,0,0,0,0,0,0,0,0,2184,2184,2184,2184,2184,
0,0,0,0,0,0,0,0,0,0,0,0,0,0,0,0,0,0,0,0,0,0,0,0,0,0,0,0,0,0,0,1911,1911,1911,1911,1911,
0,0,0,0,0,0,0,0,0,0,0,0,0,0,0,0,0,0,0,0,0,0,0,0,0,0,0,0,0,0,0,1638,1638,1638,1638,1638,
0,0,0,0,0,0,0,0,0,0,0,0,0,0,0,0,0,0,0,0,3276,3276,3276,3276,0,0,0,0,0,0,0,1365,1365,1365,1365,1365,
0,0,0,0,0,0,0,0,0,0,0,0,0,0,0,0,0,0,0,0,3094,3094,3094,3094,0,0,0,0,0,0,0,1092,1092,1092,1092,1092,
0,0,0,0,0,0,0,0,0,0,0,0,0,0,0,0,0,0,0,0,2912,2912,2912,2912,0,0,0,0,0,0,0,819,819,819,819,819,
0,0,0,0,0,0,0,0,0,0,0,0,0,0,0,0,0,0,0,0,2730,2730,2730,2730,0,0,0,0,0,0,0,546,546,546,546,546,
0,0,0,0,0,0,0,0,0,0,0,0,0,0,0,0,0,0,0,0,2548,2548,2548,2548,0,0,0,0,0,0,0,273,273,273,273,273,
0,0,0,0,0,0,0,0,0,0,0,0,0,0,0,0,0,0,0,0,2366,2366,2366,2366,0,0,0,0,0,0,0,0,0,0,0,0,
0,0,0,0,0,0,0,0,0,0,0,0,0,0,0,0,0,0,0,0,2184,2184,2184,2184,0,0,0,0,0,0,0,0,0,0,0,0,
0,0,0,0,0,0,0,0,0,0,0,0,0,0,0,0,0,0,0,0,2002,2002,2002,2002,0,0,0,0,0,0,0,0,0,0,0,0,
0,0,0,0,0,0,0,0,0,0,0,0,0,0,0,0,0,0,0,0,1820,1820,1820,1820,0,0,0,0,0,0,0,0,0,0,0,0,
0,0,0,0,0,0,0,0,0,0,0,0,0,0,0,0,0,0,0,0,1638,1638,1638,1638,0,0,0,0,0,0,0,0,0,0,0,0,
0,0,0,0,0,0,0,0,0,0,0,0,0,0,0,0,0,0,0,0,1456,1456,1456,1456,0,0,0,0,0,0,0,0,0,0,0,0,
0,0,0,0,0,0,0,0,0,0,0,0,0,0,0,0,0,0,0,0,1274,1274,1274,1274,0,0,0,0,0,0,0,0,0,0,0,0,
0,0,0,0,0,0,0,0,0,0,0,0,0,0,0,0,0,0,0,0,1092,1092,1092,1092,0,0,0,0,0,0,0,0,0,0,0,0,
0,0,0,0,0,0,0,0,0,0,0,0,0,0,0,0,0,0,0,0,910,910,910,910,0,0,0,0,0,0,0,0,0,0,0,0,
0,0,0,0,0,0,0,0,0,0,0,0,0,0,0,0,0,0,0,0,728,728,728,728,0,0,0,0,0,0,0,0,0,0,0,0,
0,0,0,0,0,0,0,0,0,0,0,0,0,0,0,0,0,0,0,0,546,546,546,546,0,0,0,0,0,0,0,0,0,0,0,0,
0,0,0,0,0,0,0,0,0,0,0,0,0,0,0,0,0,0,0,0,364,364,364,364,0,0,0,0,0,0,0,0,0,0,0,0,
0,0,0,0,0,0,0,0,0,0,0,0,0,0,0,0,0,0,0,0,182,182,182,182,0,0,0,0,0,0,0,0,0,0,0,0,
0,0,0,0,0,0,0,0,0,0,0,0,0,0,0,0,0,0,0,0,0,0,0,0,3276,3276,3276,0,0,0,0,0,0,0,0,0,
0,0,0,0,0,0,0,0,0,0,0,0,0,0,0,0,0,0,0,0,0,0,0,0,3094,3094,3094,0,0,0,0,0,0,0,0,0,
0,0,0,0,0,0,0,0,0,0,0,0,0,0,0,0,0,0,0,0,0,0,0,0,2912,2912,2912,0,0,0,0,0,0,0,0,0,
0,0,0,0,0,0,0,0,0,0,0,0,0,0,0,0,0,0,0,0,0,0,0,0,2730,2730,2730,0,0,0,0,0,0,0,0,0,
0,0,0,0,0,0,0,0,0,0,0,0,0,0,0,0,0,0,0,0,0,0,0,0,2548,2548,2548,0,0,0,0,0,0,0,0,0,
4095,4095,4095,0,0,0,0,0,0,0,0,0,0,0,0,0,0,0,0,0,0,0,0,0,2366,2366,2366,0,0,0,0,0,0,0,0,0,
3822,3822,3822,4095,4095,4095,0,0,0,0,0,0,0,0,0,0,0,0,0,0,0,0,0,0,2184,2184,2184,0,0,0,0,0,0,0,0,0,
3549,3549,3549,3822,3822,3822,4095,4095,0,0,0,0,0,0,0,0,0,0,0,0,0,0,0,0,2002,2002,2002,0,0,0,0,0,0,0,0,0,
3276,3276,3276,3549,3549,3549,3822,3822,4095,4095,4095,4095,0,0,0,0,0,0,0,0,0,0,0,0,1820,1820,1820,0,0,0,0,0,0,0,0,0,
3003,3003,3003,3276,3276,3276,3549,3549,3822,3822,3822,3822,4095,4095,4095,0,0,0,0,0,0,0,0,0,1638,1638,1638,0,0,0,0,0,0,0,0,0,
2730,2730,2730,3003,3003,3003,3276,3276,3549,3549,3549,3549,3822,3822,3822,4095,4095,4095,4095,0,0,0,0,0,1456,1456,1456,0,0,0,0,0,0,0,0,0,
2457,2457,2457,2730,2730,2730,3003,3003,3276,3276,3276,3276,3549,3549,3549,3822,3822,3822,3822,4095,0,0,0,0,1274,1274,1274,0,0,0,0,0,0,0,0,0,
2184,2184,2184,2457,2457,2457,2730,2730,3003,3003,3003,3003,3276,3276,3276,3549,3549,3549,3549,3822,0,0,0,0,1092,1092,1092,0,0,0,0,0,0,0,0,0,
1911,1911,1911,2184,2184,2184,2457,2457,2730,2730,2730,2730,3003,3003,3003,3276,3276,3276,3276,3549,0,0,0,0,910,910,910,0,0,0,0,0,0,0,0,0,
1638,1638,1638,1911,1911,1911,2184,2184,2457,2457,2457,2457,2730,2730,2730,3003,3003,3003,3003,3276,0,0,0,0,728,728,728,0,0,0,0,0,0,0,0,0,
1365,1365,1365,1638,1638,1638,1911,1911,2184,2184,2184,2184,2457,2457,2457,2730,2730,2730,2730,3003,0,0,0,0,546,546,546,0,0,0,0,0,0,0,0,0,
1092,1092,1092,1365,1365,1365,1638,1638,1911,1911,1911,1911,2184,2184,2184,2457,2457,2457,2457,2730,0,0,0,0,364,364,364,0,0,0,0,0,0,0,0,0,
819,819,819,1092,1092,1092,1365,1365,1638,1638,1638,1638,1911,1911,1911,2184,2184,2184,2184,2457,0,0,0,0,182,182,182,0,0,0,0,0,0,0,0,0,
546,546,546,819,819,819,1092,1092,1365,1365,1365,1365,1638,1638,1638,1911,1911,1911,1911,2184,0,0,0,0,0,0,0,3276,3276,3276,3276,0,0,0,0,0,
273,273,273,546,546,546,819,819,1092,1092,1092,1092,1365,1365,1365,1638,1638,1638,1638,1911,0,0,0,0,0,0,0,3094,3094,3094,3094,0,0,0,0,0,
0,0,0,273,273,273,546,546,819,819,819,819,1092,1092,1092,1365,1365,1365,1365,1638,0,0,0,0,0,0,0,2912,2912,2912,2912,0,0,0,0,0,
0,0,0,0,0,0,273,273,546,546,546,546,819,819,819,1092,1092,1092,1092,1365,0,0,0,0,0,0,0,2730,2730,2730,2730,0,0,0,0,0,
0,0,0,0,0,0,0,0,273,273,273,273,546,546,546,819,819,819,819,1092,0,0,0,0,0,0,0,2548,2548,2548,2548,0,0,0,0,0,
0,0,0,0,0,0,0,0,0,0,0,0,273,273,273,546,546,546,546,819,0,0,0,0,0,0,0,2366,2366,2366,2366,0,0,0,0,0,
0,0,0,0,0,0,0,0,0,0,0,0,0,0,0,273,273,273,273,546,0,0,0,0,0,0,0,2184,2184,2184,2184,0,0,0,0,0,
0,0,0,0,0,0,0,0,0,0,0,0,0,0,0,0,0,0,0,273,0,0,0,0,0,0,0,2002,2002,2002,2002,0,0,0,0,0,
0,0,0,0,0,0,0,0,0,0,0,0,0,0,0,0,0,0,0,0,0,0,0,0,0,0,0,1820,1820,1820,1820,0,0,0,0,0,
0,0,0,0,0,0,0,0,0,0,0,0,0,0,0,0,0,0,0,0,0,0,0,0,0,0,0,1638,1638,1638,1638,0,0,0,0,0,
0,0,0,0,0,0,0,0,0,0,0,0,0,0,0,0,0,0,0,0,0,0,0,0,0,0,0,1456,1456,1456,1456,0,0,0,0,0,
0,0,0,0,0,0,0,0,0,0,0,0,0,0,0,0,0,0,0,0,0,0,0,0,0,0,0,1274,1274,1274,1274,0,0,0,0,0,
0,0,0,0,0,0,0,0,0,0,0,0,0,0,0,0,0,0,0,0,0,0,0,0,0,0,0,1092,1092,1092,1092,0,0,0,0,0,
0,0,0,0,0,0,0,0,0,0,0,0,0,0,0,0,0,0,0,0,0,0,0,0,0,0,0,910,910,910,910,0,0,0,0,0,
0,0,0,0,0,0,0,0,0,0,0,0,0,0,0,0,0,0,0,0,0,0,0,0,0,0,0,728,728,728,728,0,0,0,0,0,
0,0,0,0,0,0,0,0,0,0,0,0,0,0,0,0,0,0,0,0,0,0,0,0,0,0,0,546,546,546,546,0,0,0,0,0,
0,0,0,0,0,0,0,0,0,0,0,0,0,0,0,0,0,0,0,0,0,0,0,0,0,0,0,364,364,364,364,0,0,0,0,0,
0,0,0,0,0,0,0,0,0,0,0,0,0,0,0,0,0,0,0,0,0,0,0,0,0,0,0,182,182,182,182,0,0,0,0,0,
0,0,0,0,0,0,0,0,0,0,0,0,0,0,0,0,0,0,0,0,0,0,0,0,0,0,0,0,0,0,0,0,0,0,0,0,
4095,4095,4095,4095,4095,4095,4095,4095,4095,4095,4095,4095,4095,4095,4095,4095,4095,4095,4095,4095,4095,4095,4095,4095,4095,4095,4095,4095,4095,4095,4095,4095,4095,4095,4095,4095,
3868,3868,3868,3868,3868,3868,3868,3868,3868,3868,3868,3868,3868,3868,3868,3868,3868,3868,3868,3868,3868,3868,3868,3868,3868,3868,3868,3868,3868,3868,3868,3868,3868,3868,3868,3868,
3640,3640,3640,3640,3640,3640,3640,3640,3640,3640,3640,3640,3640,3640,3640,3640,3640,3640,3640,3640,3640,3640,3640,3640,3640,3640,3640,3640,3640,3640,3640,3640,3640,3640,3640,3640,
3413,3413,3413,3413,3413,3413,3413,3413,3413,3413,3413,3413,3413,3413,3413,3413,3413,3413,3413,3413,3413,3413,3413,3413,3413,3413,3413,3413,3413,3413,3413,3413,3413,3413,3413,3413,
3185,3185,3185,3185,3185,3185,3185,3185,3185,3185,3185,3185,3185,3185,3185,3185,3185,3185,3185,3185,3185,3185,3185,3185,3185,3185,3185,3185,3185,3185,3185,3185,3185,3185,3185,3185,
2958,2958,2958,2958,2958,2958,2958,2958,2958,2958,2958,2958,2958,2958,2958,2958,2958,2958,2958,2958,2958,2958,2958,2958,2958,2958,2958,2958,2958,2958,2958,2958,2958,2958,2958,2958,
2730,2730,2730,2730,2730,2730,2730,2730,2730,2730,2730,2730,2730,2730,2730,2730,2730,2730,2730,2730,2730,2730,2730,2730,2730,2730,2730,2730,2730,2730,2730,2730,2730,2730,2730,2730,
2503,2503,2503,2503,2503,2503,2503,2503,2503,2503,2503,2503,2503,2503,2503,2503,2503,2503,2503,2503,2503,2503,2503,2503,2503,2503,2503,2503,2503,2503,2503,2503,2503,2503,2503,2503,
2275,2275,2275,2275,2275,2275,2275,2275,2275,2275,2275,2275,2275,2275,2275,2275,2275,2275,2275,2275,2275,2275,2275,2275,2275,2275,2275,2275,2275,2275,2275,2275,2275,2275,2275,2275,
2048,2048,2048,2048,2048,2048,2048,2048,2048,2048,2048,2048,2048,2048,2048,2048,2048,2048,2048,2048,2048,2048,2048,2048,2048,2048,2048,2048,2048,2048,2048,2048,2048,2048,2048,2048,
1820,1820,1820,1820,1820,1820,1820,1820,1820,1820,1820,1820,1820,1820,1820,1820,1820,1820,1820,1820,1820,1820,1820,1820,1820,1820,1820,1820,1820,1820,1820,1820,1820,1820,1820,1820,
1593,1593,1593,1593,1593,1593,1593,1593,1593,1593,1593,1593,1593,1593,1593,1593,1593,1593,1593,1593,1593,1593,1593,1593,1593,1593,1593,1593,1593,1593,1593,1593,1593,1593,1593,1593,
1365,1365,1365,1365,1365,1365,1365,1365,1365,1365,1365,1365,1365,1365,1365,1365,1365,1365,1365,1365,1365,1365,1365,1365,1365,1365,1365,1365,1365,1365,1365,1365,1365,1365,1365,1365,
1138,1138,1138,1138,1138,1138,1138,1138,1138,1138,1138,1138,1138,1138,1138,1138,1138,1138,1138,1138,1138,1138,1138,1138,1138,1138,1138,1138,1138,1138,1138,1138,1138,1138,1138,1138,
910,910,910,910,910,910,910,910,910,910,910,910,910,910,910,910,910,910,910,910,910,910,910,910,910,910,910,910,910,910,910,910,910,910,910,910,
683,683,683,683,683,683,683,683,683,683,683,683,683,683,683,683,683,683,683,683,683,683,683,683,683,683,683,683,683,683,683,683,683,683,683,683,
455,455,455,455,455,455,455,455,455,455,455,455,455,455,455,455,455,455,455,455,455,455,455,455,455,455,455,455,455,455,455,455,455,455,455,455,
228,228,228,228,228,228,228,228,228,228,228,228,228,228,228,228,228,228,228,228,228,228,228,228,228,228,228,228,228,228,228,228,228,228,228,228,
0,0,0,0,0,0,0,0,0,0,0,0,0,0,0,0,0,0,0,0,0,0,0,0,0,0,0,0,0,0,0,0,0,0,0,0,
0,0,0,0,0,0,0,0,0,0,0,0,0,0,0,0,0,0,0,0,0,0,0,0,0,0,0,0,0,0,0,0,0,0,0,0,
0,0,0,0,0,0,0,0,0,0,0,0,0,0,0,0,0,0,0,0,0,0,0,0,0,0,0,0,0,0,0,0,0,0,0,0,
0,0,0,0,0,0,0,0,0,0,0,0,0,0,0,0,0,0,0,0,0,0,0,0,0,0,0,0,0,0,0,0,0,0,0,0,
0,0,0,0,0,0,0,0,0,0,0,0,0,0,0,0,0,0,0,0,0,0,0,0,0,0,0,0,0,0,0,0,0,0,0,0,
0,0,0,0,0,0,0,0,0,0,0,0,0,0,0,0,0,0,0,0,0,0,0,0,0,0,0,0,0,0,0,0,0,0,0,0,
0,0,0,0,0,0,0,0,0,0,0,0,0,0,0,0,0,0,0,0,0,0,0,0,0,0,0,0,0,0,0,0,0,0,0,0,
0,0,0,0,0,0,0,0,0,0,0,0,0,0,0,0,0,0,0,0,0,0,0,0,0,0,0,0,0,0,0,0,0,0,0,0,
0,0,0,0,0,0,0,0,0,0,0,0,0,0,0,0,0,0,0,0,0,0,0,0,0,0,0,0,0,0,0,0,0,0,0,0,
0,0,0,0,0,0,0,0,0,0,0,0,0,0,0,0,0,0,0,0,0,0,0,0,0,0,0,0,0,0,0,0,0,0,0,0,
0,0,0,0,0,0,0,0,0,0,0,0,0,0,0,0,0,0,0,0,0,0,0,0,0,0,0,0,0,0,0,0,0,0,0,0,
0,0,0,0,0,0,0,0,0,0,0,0,0,0,0,0,0,0,0,0,0,0,0,0,0,0,0,0,0,0,0,0,0,0,0,0,
0,0,0,0,0,0,0,0,0,0,0,0,0,0,0,0,0,0,0,0,0,0,0,0,0,0,0,0,0,0,0,0,0,0,0,0,
0,0,0,0,0,0,0,0,0,0,0,0,0,0,0,0,0,0,0,0,0,0,0,0,0,0,0,0,0,0,0,0,0,0,0,0,
0,0,0,0,0,0,0,0,0,0,0,0,0,0,0,0,0,0,0,0,0,0,0,0,0,4095,4095,4095,4095,4095,4095,0,0,0,0,0,
4095,4095,0,0,0,0,0,0,0,0,0,0,0,0,0,0,0,0,0,0,0,0,0,0,0,4095,4095,4095,4095,4095,4095,0,0,0,0,0,
3822,3822,4095,4095,4095,0,0,0,0,0,0,0,0,0,0,0,0,0,0,0,0,0,0,0,0,4095,4095,4095,4095,4095,4095,0,0,0,0,0,
3549,3549,3822,3822,3822,4095,4095,0,0,0,0,0,0,0,0,0,0,0,0,0,0,0,0,0,0,4095,4095,4095,4095,4095,4095,0,0,0,0,0,
3276,3276,3549,3549,3549,3822,3822,4095,4095,4095,0,0,0,0,0,0,0,0,0,0,0,0,0,0,0,4095,4095,4095,4095,4095,4095,0,0,0,0,0,
3003,3003,3276,3276,3276,3549,3549,3822,3822,3822,4095,4095,4095,0,0,0,0,0,0,0,0,0,0,0,0,4095,4095,4095,4095,4095,4095,0,0,0,0,0,
2730,2730,3003,3003,3003,3276,3276,3549,3549,3549,3822,3822,3822,4095,4095,4095,4095,0,0,0,0,0,0,0,0,4095,4095,4095,4095,4095,4095,0,0,0,0,0,
2457,2457,2730,2730,2730,3003,3003,3276,3276,3276,3549,3549,3549,3822,3822,3822,3822,4095,4095,4095,0,0,0,0,0,4095,4095,4095,4095,4095,4095,0,0,0,0,0,
2184,2184,2457,2457,2457,2730,2730,3003,3003,3003,3276,3276,3276,3549,3549,3549,3549,3822,3822,3822,0,0,0,0,0,4095,4095,4095,4095,4095,4095,0,0,0,0,0,
1911,1911,2184,2184,2184,2457,2457,2730,2730,2730,3003,3003,3003,3276,3276,3276,3276,3549,3549,3549,0,0,0,0,0,4095,4095,4095,4095,4095,4095,0,0,0,0,0,
1638,1638,1911,1911,1911,2184,2184,2457,2457,2457,2730,2730,2730,3003,3003,3003,3003,3276,3276,3276,0,0,0,0,0,4095,4095,4095,4095,4095,4095,0,0,0,0,0,
1365,1365,1638,1638,1638,1911,1911,2184,2184,2184,2457,2457,2457,2730,2730,2730,2730,3003,3003,3003,0,0,0,0,0,4095,4095,4095,4095,4095,4095,0,0,0,0,0,
1092,1092,1365,1365,1365,1638,1638,1911,1911,1911,2184,2184,2184,2457,2457,2457,2457,2730,2730,2730,0,0,0,0,0,4095,4095,4095,4095,4095,4095,0,0,0,0,0,
819,819,1092,1092,1092,1365,1365,1638,1638,1638,1911,1911,1911,2184,2184,2184,2184,2457,2457,2457,0,0,0,0,0,4095,4095,4095,4095,4095,4095,0,0,0,0,0,
546,546,819,819,819,1092,1092,1365,1365,1365,1638,1638,1638,1911,1911,1911,1911,2184,2184,2184,0,0,0,0,0,4095,4095,4095,4095,4095,4095,0,0,0,0,0,
273,273,546,546,546,819,819,1092,1092,1092,1365,1365,1365,1638,1638,1638,1638,1911,1911,1911,0,0,0,0,0,4095,4095,4095,4095,4095,4095,0,0,0,0,0,
0,0,273,273,273,546,546,819,819,819,1092,1092,1092,1365,1365,1365,1365,1638,1638,1638,0,0,0,4095,4095,4095,4095,4095,4095,4095,4095,0,0,0,0,0,
0,0,0,0,0,273,273,546,546,546,819,819,819,1092,1092,1092,1092,1365,1365,1365,0,0,0,4095,4095,4095,4095,4095,4095,4095,4095,0,0,0,0,0,
0,0,0,0,0,0,0,273,273,273,546,546,546,819,819,819,819,1092,1092,1092,0,0,0,4095,4095,4095,4095,4095,4095,4095,4095,0,0,0,0,0,
0,0,0,0,0,0,0,0,0,0,273,273,273,546,546,546,546,819,819,819,0,0,0,4095,4095,4095,4095,4095,4095,4095,4095,0,0,0,0,0,
0,0,0,0,0,0,0,0,0,0,0,0,0,273,273,273,273,546,546,546,0,0,0,4095,4095,4095,4095,4095,4095,4095,4095,0,0,0,0,0,
0,0,0,0,0,0,0,0,0,0,0,0,0,0,0,0,0,273,273,273,0,0,0,4095,4095,4095,4095,4095,4095,4095,4095,0,0,0,0,0,
0,0,0,0,0,0,0,0,0,0,0,0,0,0,0,0,0,0,0,0,0,0,0,4095,4095,4095,4095,4095,4095,4095,4095,0,0,0,0,0,
0,0,0,0,0,0,0,0,0,0,0,0,0,0,0,0,0,0,0,0,0,0,0,4095,4095,4095,4095,4095,4095,4095,4095,0,0,0,0,0,
0,0,0,0,0,0,0,0,0,0,0,0,0,0,0,0,0,0,0,0,0,0,0,4095,4095,4095,4095,4095,4095,4095,4095,0,0,0,0,0,
0,0,0,0,0,0,0,0,0,0,0,0,0,0,0,0,0,0,0,0,0,0,0,4095,4095,4095,4095,4095,4095,4095,4095,0,0,0,0,0,
0,0,0,0,0,0,0,0,0,0,0,0,0,0,0,0,0,0,0,0,0,0,0,4095,4095,4095,4095,4095,4095,4095,4095,0,0,0,0,0,
0,0,0,0,0,0,0,0,0,0,0,0,0,0,0,0,0,0,0,0,0,0,0,4095,4095,4095,4095,4095,4095,4095,4095,0,0,0,0,0,
0,0,0,0,0,0,0,0,0,0,0,0,0,0,0,0,0,0,0,0,0,0,0,4095,4095,4095,4095,4095,4095,4095,4095,0,0,0,0,0,
0,0,0,0,0,0,0,0,0,0,0,0,0,0,0,0,0,0,0,0,0,0,0,4095,4095,4095,4095,4095,4095,4095,4095,0,0,0,0,0,
0,0,0,0,0,0,0,0,0,0,0,0,0,0,0,0,0,0,0,0,0,0,0,4095,4095,4095,4095,4095,4095,4095,4095,0,0,0,0,0,
0,0,0,0,0,0,0,0,0,0,0,0,0,0,0,0,0,0,0,0,0,0,0,4095,4095,4095,4095,4095,4095,4095,4095,0,0,0,0,0,
0,0,0,0,0,0,0,0,0,0,0,0,0,0,0,0,0,0,0,0,0,0,0,4095,4095,4095,4095,4095,4095,4095,4095,0,0,0,0,0,
0,0,0,0,0,0,0,0,0,0,0,0,0,0,0,0,0,0,0,0,0,0,0,4095,4095,4095,4095,4095,4095,4095,4095,0,0,0,0,0,
0,0,0,0,0,0,0,0,0,0,0,0,0,0,0,0,0,0,0,0,0,0,0,4095,4095,4095,4095,4095,4095,4095,4095,4095,4095,4095,4095,4095,
0,0,0,0,0,0,0,0,0,0,0,0,0,0,0,0,0,0,0,0,0,0,0,4095,4095,4095,4095,4095,4095,4095,4095,3822,3822,3822,3822,3822,
0,0,0,0,0,0,0,0,0,0,0,0,0,0,0,0,0,0,0,0,0,0,0,4095,4095,4095,4095,4095,4095,4095,4095,3549,3549,3549,3549,3549,
0,0,0,0,0,0,0,0,0,0,0,0,0,0,0,0,0,0,0,0,0,0,0,4095,4095,4095,4095,4095,4095,4095,4095,3276,3276,3276,3276,3276,
0,0,0,0,0,0,0,0,0,0,0,0,0,0,0,0,0,0,0,0,0,0,0,4095,4095,4095,4095,4095,4095,4095,4095,3003,3003,3003,3003,3003,
0,0,0,0,0,0,0,0,0,0,0,0,0,0,0,0,0,0,0,0,0,0,0,4095,4095,4095,4095,4095,4095,4095,4095,2730,2730,2730,2730,2730,
0,0,0,0,0,0,0,0,0,0,0,0,0,0,0,0,0,0,0,0,0,0,0,4095,4095,4095,4095,4095,4095,4095,4095,2457,2457,2457,2457,2457,
0,0,0,0,0,0,0,0,0,0,0,0,0,0,0,0,0,0,0,0,0,0,0,4095,4095,4095,4095,4095,4095,4095,4095,2184,2184,2184,2184,2184,
0,0,0,0,0,0,0,0,0,0,0,0,0,0,0,0,0,0,0,0,0,0,0,4095,4095,4095,4095,4095,4095,4095,4095,1911,1911,1911,1911,1911,
0,0,0,0,0,0,0,0,0,0,0,0,0,0,0,0,0,0,0,0,0,0,0,4095,4095,4095,4095,4095,4095,4095,4095,1638,1638,1638,1638,1638,
0,0,0,0,0,0,0,0,0,0,0,0,0,0,0,0,0,0,0,0,0,0,0,4095,4095,4095,4095,4095,4095,4095,4095,1365,1365,1365,1365,1365,
0,0,0,0,0,0,0,0,0,0,0,0,0,0,0,0,0,0,0,0,0,0,0,4095,4095,4095,4095,4095,4095,4095,4095,1092,1092,1092,1092,1092,
0,0,0,0,0,0,0,0,0,0,0,0,0,0,0,0,0,0,0,0,0,0,0,4095,4095,4095,4095,4095,4095,4095,4095,819,819,819,819,819,
0,0,0,0,0,0,0,0,0,0,0,0,0,0,0,0,0,0,0,0,0,0,0,4095,4095,4095,4095,4095,4095,4095,4095,546,546,546,546,546,
0,0,0,0,0,0,0,0,0,0,0,0,0,0,0,0,0,0,0,0,0,0,0,4095,4095,4095,4095,4095,4095,4095,4095,273,273,273,273,273,
0,0,0,0,0,0,0,0,0,0,0,0,0,0,0,0,0,0,0,0,0,0,0,4095,4095,4095,4095,4095,4095,4095,4095,0,0,0,0,0,
0,0,0,0,0,0,0,0,0,0,0,0,0,0,0,0,0,0,0,0,0,0,0,4095,4095,4095,4095,4095,4095,4095,4095,0,0,0,0,0,
0,0,0,0,0,0,0,0,0,0,0,0,0,0,0,0,0,0,0,0,0,0,0,4095,4095,4095,4095,4095,4095,4095,4095,0,0,0,0,0,
0,0,0,0,0,0,0,0,0,0,0,0,0,0,0,0,0,0,0,0,0,0,0,4095,4095,4095,4095,4095,4095,4095,4095,0,0,0,0,0,
0,0,0,0,0,0,0,0,0,0,0,0,0,0,0,0,0,0,0,0,0,0,0,4095,4095,4095,4095,4095,4095,4095,4095,0,0,0,0,0,
0,0,0,0,0,0,0,0,0,0,0,0,0,0,0,0,0,0,0,0,0,0,0,4095,4095,4095,4095,4095,4095,4095,4095,0,0,0,0,0,
0,0,0,0,0,0,0,0,0,0,0,0,0,0,0,0,0,0,0,0,0,0,0,4095,4095,4095,4095,4095,4095,4095,4095,0,0,0,0,0,
0,0,0,0,0,0,0,0,0,0,0,0,0,0,0,0,0,0,0,0,0,0,0,4095,4095,4095,4095,4095,4095,4095,4095,0,0,0,0,0,
0,0,0,0,0,0,0,0,0,0,0,0,0,0,0,0,0,0,0,0,0,0,0,4095,4095,4095,4095,4095,4095,4095,4095,0,0,0,0,0,
0,0,0,0,0,0,0,0,0,0,0,0,0,0,0,0,0,0,0,0,0,0,0,4095,4095,4095,4095,4095,4095,4095,4095,0,0,0,0,0,
0,0,0,0,0,0,0,0,0,0,0,0,0,0,0,0,0,0,0,0,0,0,0,4095,4095,4095,4095,4095,4095,4095,4095,0,0,0,0,0,
0,0,0,0,0,0,0,0,0,0,0,0,0,0,0,0,0,0,0,0,0,0,0,4095,4095,4095,4095,4095,4095,4095,4095,0,0,0,0,0,
0,0,0,0,0,0,0,0,0,0,0,0,0,0,0,0,0,0,0,0,0,0,0,4095,4095,4095,4095,4095,4095,4095,4095,0,0,0,0,0,
0,0,0,0,0,0,0,0,0,0,0,0,0,0,0,0,0,0,0,0,0,0,0,4095,4095,4095,4095,4095,4095,4095,4095,0,0,0,0,0,
0,0,0,0,0,0,0,0,0,0,0,0,0,0,0,0,0,0,0,0,0,0,0,4095,4095,4095,4095,4095,4095,4095,4095,0,0,0,0,0,
0,0,0,0,0,0,0,0,0,0,0,0,0,0,0,0,0,0,0,0,0,0,0,4095,4095,4095,4095,4095,4095,4095,4095,0,0,0,0,0,
0,0,0,0,0,0,0,0,0,0,0,0,0,0,0,0,0,0,0,0,0,0,0,4095,4095,4095,4095,4095,4095,4095,4095,0,0,0,0,0,
4095,4095,0,0,0,0,0,0,0,0,0,0,0,0,0,0,0,0,0,0,0,0,0,4095,4095,4095,4095,4095,4095,4095,4095,0,0,0,0,0,
3822,3822,4095,4095,4095,0,0,0,0,0,0,0,0,0,0,0,0,0,0,0,0,0,0,0,0,4095,4095,4095,4095,4095,4095,0,0,0,0,0,
3549,3549,3822,3822,3822,4095,4095,0,0,0,0,0,0,0,0,0,0,0,0,0,0,0,0,0,0,4095,4095,4095,4095,4095,4095,0,0,0,0,0,
3276,3276,3549,3549,3549,3822,3822,4095,4095,4095,0,0,0,0,0,0,0,0,0,0,0,0,0,0,0,4095,4095,4095,4095,4095,4095,0,0,0,0,0,
3003,3003,3276,3276,3276,3549,3549,3822,3822,3822,4095,4095,4095,0,0,0,0,0,0,0,0,0,0,0,0,4095,4095,4095,4095,4095,4095,0,0,0,0,0,
2730,2730,3003,3003,3003,3276,3276,3549,3549,3549,3822,3822,3822,4095,4095,4095,4095,0,0,0,0,0,0,0,0,4095,4095,4095,4095,4095,4095,0,0,0,0,0,
2457,2457,2730,2730,2730,3003,3003,3276,3276,3276,3549,3549,3549,3822,3822,3822,3822,4095,4095,4095,0,0,0,0,0,4095,4095,4095,4095,4095,4095,0,0,0,0,0,
2184,2184,2457,2457,2457,2730,2730,3003,3003,3003,3276,3276,3276,3549,3549,3549,3549,3822,3822,3822,0,0,0,0,0,4095,4095,4095,4095,4095,4095,0,0,0,0,0,
1911,1911,2184,2184,2184,2457,2457,2730,2730,2730,3003,3003,3003,3276,3276,3276,3276,3549,3549,3549,0,0,0,0,0,4095,4095,4095,4095,4095,4095,0,0,0,0,0,
1638,1638,1911,1911,1911,2184,2184,2457,2457,2457,2730,2730,2730,3003,3003,3003,3003,3276,3276,3276,0,0,0,0,0,4095,4095,4095,4095,4095,4095,0,0,0,0,0,
1365,1365,1638,1638,1638,1911,1911,2184,2184,2184,2457,2457,2457,2730,2730,2730,2730,3003,3003,3003,0,0,0,0,0,4095,4095,4095,4095,4095,4095,0,0,0,0,0,
1092,1092,1365,1365,1365,1638,1638,1911,1911,1911,2184,2184,2184,2457,2457,2457,2457,2730,2730,2730,0,0,0,0,0,4095,4095,4095,4095,4095,4095,0,0,0,0,0,
819,819,1092,1092,1092,1365,1365,1638,1638,1638,1911,1911,1911,2184,2184,2184,2184,2457,2457,2457,0,0,0,0,0,4095,4095,4095,4095,4095,4095,0,0,0,0,0,
546,546,819,819,819,1092,1092,1365,1365,1365,1638,1638,1638,1911,1911,1911,1911,2184,2184,2184,0,0,0,0,0,4095,4095,4095,4095,4095,4095,0,0,0,0,0,
273,273,546,546,546,819,819,1092,1092,1092,1365,1365,1365,1638,1638,1638,1638,1911,1911,1911,0,0,0,0,0,4095,4095,4095,4095,4095,4095,0,0,0,0,0,
0,0,273,273,273,546,546,819,819,819,1092,1092,1092,1365,1365,1365,1365,1638,1638,1638,0,0,0,0,0,4095,4095,4095,4095,4095,4095,0,0,0,0,0,
0,0,0,0,0,273,273,546,546,546,819,819,819,1092,1092,1092,1092,1365,1365,1365,0,0,0,0,0,4095,4095,4095,4095,4095,4095,0,0,0,0,0,
0,0,0,0,0,0,0,273,273,273,546,546,546,819,819,819,819,1092,1092,1092,0,0,0,0,0,4095,4095,4095,4095,4095,4095,0,0,0,0,0,
0,0,0,0,0,0,0,0,0,0,273,273,273,546,546,546,546,819,819,819,0,0,0,0,0,0,0,4095,4095,4095,4095,0,0,0,0,0,
0,0,0,0,0,0,0,0,0,0,0,0,0,273,273,273,273,546,546,546,0,0,0,0,0,0,0,4095,4095,4095,4095,0,0,0,0,0,
0,0,0,0,0,0,0,0,0,0,0,0,0,0,0,0,0,273,273,273,0,0,0,0,0,0,0,4095,4095,4095,4095,0,0,0,0,0,
0,0,0,0,0,0,0,0,0,0,0,0,0,0,0,0,0,0,0,0,0,0,0,0,0,0,0,4095,4095,4095,4095,0,0,0,0,0,
0,0,0,0,0,0,0,0,0,0,0,0,0,0,0,0,0,0,0,0,0,0,0,0,0,0,0,4095,4095,4095,4095,0,0,0,0,0,
0,0,0,0,0,0,0,0,0,0,0,0,0,0,0,0,0,0,0,0,0,0,0,0,0,0,0,4095,4095,4095,4095,0,0,0,0,0,
0,0,0,0,0,0,0,0,0,0,0,0,0,0,0,0,0,0,0,0,0,0,0,0,0,0,0,4095,4095,4095,4095,0,0,0,0,0,
0,0,0,0,0,0,0,0,0,0,0,0,0,0,0,0,0,0,0,0,0,0,0,0,0,0,0,4095,4095,4095,4095,0,0,0,0,0,
0,0,0,0,0,0,0,0,0,0,0,0,0,0,0,0,0,0,0,0,0,0,0,0,0,0,0,4095,4095,4095,4095,0,0,0,0,0,
0,0,0,0,0,0,0,0,0,0,0,0,0,0,0,0,0,0,0,0,0,0,0,0,0,0,0,4095,4095,4095,4095,0,0,0,0,0,
0,0,0,0,0,0,0,0,0,0,0,0,0,0,0,0,0,0,0,0,0,0,0,0,0,0,0,4095,4095,4095,4095,0,0,0,0,0,
0,0,0,0,0,0,0,0,0,0,0,0,0,0,0,0,0,0,0,0,0,0,0,0,0,0,0,4095,4095,4095,4095,0,0,0,0,0,
0,0,0,0,0,0,0,0,0,0,0,0,0,0,0,0,0,0,0,0,0,0,0,0,0,0,0,4095,4095,4095,4095,0,0,0,0,0,
0,0,0,0,0,0,0,0,0,0,0,0,0,0,0,0,0,0,0,0,0,0,0,0,0,0,0,4095,4095,4095,4095,0,0,0,0,0,
0,0,0,0,0,0,0,0,0,0,0,0,0,0,0,0,0,0,0,0,0,0,0,0,0,0,0,4095,4095,4095,4095,0,0,0,0,0,
0,0,0,0,0,0,0,0,0,0,0,0,0,0,0,0,0,0,0,0,0,0,0,0,0,0,0,4095,4095,4095,4095,0,0,0,0,0,
0,0,0,0,0,0,0,0,0,0,0,0,0,0,0,0,0,0,0,0,0,0,0,0,0,0,0,4095,4095,4095,4095,4095,4095,4095,4095,4095,
0,0,0,0,0,0,0,0,0,0,0,0,0,0,0,0,0,0,0,0,0,0,0,0,0,0,0,4095,4095,4095,4095,3822,3822,3822,3822,3822,
0,0,0,0,0,0,0,0,0,0,0,0,0,0,0,0,0,0,0,0,0,0,0,0,0,0,0,4095,4095,4095,4095,3549,3549,3549,3549,3549,
0,0,0,0,0,0,0,0,0,0,0,0,0,0,0,0,0,0,0,0,0,0,0,0,0,0,0,4095,4095,4095,4095,3276,3276,3276,3276,3276,
0,0,0,0,0,0,0,0,0,0,0,0,0,0,0,0,0,0,0,0,0,0,0,0,0,0,0,4095,4095,4095,4095,3003,3003,3003,3003,3003,
0,0,0,0,0,0,0,0,0,0,0,0,0,0,0,0,0,0,0,0,0,0,0,0,0,0,0,4095,4095,4095,4095,2730,2730,2730,2730,2730,
0,0,0,0,0,0,0,0,0,0,0,0,0,0,0,0,0,0,0,0,0,0,0,0,0,0,0,4095,4095,4095,4095,2457,2457,2457,2457,2457,
0,0,0,0,0,0,0,0,0,0,0,0,0,0,0,0,0,0,0,0,0,0,0,0,0,0,0,4095,4095,4095,4095,2184,2184,2184,2184,2184,
0,0,0,0,0,0,0,0,0,0,0,0,0,0,0,0,0,0,0,0,0,0,0,0,0,0,0,4095,4095,4095,4095,1911,1911,1911,1911,1911,
0,0,0,0,0,0,0,0,0,0,0,0,0,0,0,0,0,0,0,0,0,0,0,0,0,0,0,4095,4095,4095,4095,1638,1638,1638,1638,1638,
0,0,0,0,0,0,0,0,0,0,0,0,0,0,0,0,0,0,0,0,0,0,0,0,0,0,0,4095,4095,4095,4095,1365,1365,1365,1365,1365,
0,0,0,0,0,0,0,0,0,0,0,0,0,0,0,0,0,0,0,0,0,0,0,0,0,0,0,4095,4095,4095,4095,1092,1092,1092,1092,1092,
0,0,0,0,0,0,0,0,0,0,0,0,0,0,0,0,0,0,0,0,0,0,0,0,0,0,0,4095,4095,4095,4095,819,819,819,819,819,
0,0,0,0,0,0,0,0,0,0,0,0,0,0,0,0,0,0,0,0,0,0,0,0,0,0,0,4095,4095,4095,4095,546,546,546,546,546,
0,0,0,0,0,0,0,0,0,0,0,0,0,0,0,0,0,0,0,0,0,0,0,0,0,0,0,4095,4095,4095,4095,273,273,273,273,273,
0,0,0,0,0,0,0,0,0,0,0,0,0,0,0,0,0,0,0,0,0,0,0,0,0,0,0,4095,4095,4095,4095,0,0,0,0,0,
0,0,0,0,0,0,0,0,0,0,0,0,0,0,0,0,0,0,0,0,0,0,0,0,0,0,0,4095,4095,4095,4095,0,0,0,0,0,
0,0,0,0,0,0,0,0,0,0,0,0,0,0,0,0,0,0,0,0,0,0,0,0,0,0,0,4095,4095,4095,4095,0,0,0,0,0,
0,0,0,0,0,0,0,0,0,0,0,0,0,0,0,0,0,0,0,0,0,0,0,0,0,0,0,4095,4095,4095,4095,0,0,0,0,0,
0,0,0,0,0,0,0,0,0,0,0,0,0,0,0,0,0,0,0,0,0,0,0,0,0,0,0,4095,4095,4095,4095,0,0,0,0,0,
0,0,0,0,0,0,0,0,0,0,0,0,0,0,0,0,0,0,0,0,0,0,0,0,0,0,0,4095,4095,4095,4095,0,0,0,0,0,
0,0,0,0,0,0,0,0,0,0,0,0,0,0,0,0,0,0,0,0,0,0,0,0,0,0,0,4095,4095,4095,4095,0,0,0,0,0,
0,0,0,0,0,0,0,0,0,0,0,0,0,0,0,0,0,0,0,0,0,0,0,0,0,0,0,4095,4095,4095,4095,0,0,0,0,0,
0,0,0,0,0,0,0,0,0,0,0,0,0,0,0,0,0,0,0,0,0,0,0,0,0,0,0,4095,4095,4095,4095,0,0,0,0,0,
0,0,0,0,0,0,0,0,0,0,0,0,0,0,0,0,0,0,0,0,0,0,0,0,0,0,0,4095,4095,4095,4095,0,0,0,0,0,
0,0,0,0,0,0,0,0,0,0,0,0,0,0,0,0,0,0,0,0,0,0,0,0,0,0,0,4095,4095,4095,4095,0,0,0,0,0,
0,0,0,0,0,0,0,0,0,0,0,0,0,0,0,0,0,0,0,0,0,0,0,0,0,0,0,4095,4095,4095,4095,0,0,0,0,0,
0,0,0,0,0,0,0,0,0,0,0,0,0,0,0,0,0,0,0,0,0,0,0,0,0,0,0,4095,4095,4095,4095,0,0,0,0,0,
0,0,0,0,0,0,0,0,0,0,0,0,0,0,0,0,0,0,0,0,0,0,0,0,0,0,0,4095,4095,4095,4095,0,0,0,0,0,
0,0,0,0,0,0,0,0,0,0,0,0,0,0,0,0,0,0,0,0,0,0,0,0,0,0,0,4095,4095,4095,4095,0,0,0,0,0,
0,0,0,0,0,0,0,0,0,0,0,0,0,0,0,0,0,0,0,0,0,0,0,0,0,0,0,4095,4095,4095,4095,0,0,0,0,0,
0,0,0,0,0,0,0,0,0,0,0,0,0,0,0,0,0,0,0,0,0,0,0,0,0,0,0,4095,4095,4095,4095,0,0,0,0,0,
4095,4095,0,0,0,0,0,0,0,0,0,0,0,0,0,0,0,0,0,0,0,0,0,0,0,4095,4095,4095,4095,4095,4095,0,0,0,0,0,
3822,3822,4095,4095,4095,0,0,0,0,0,0,0,0,0,0,0,0,0,0,0,0,0,0,0,0,4095,4095,4095,4095,4095,4095,0,0,0,0,0,
3549,3549,3822,3822,3822,4095,4095,0,0,0,0,0,0,0,0,0,0,0,0,0,0,0,0,0,0,4095,4095,4095,4095,4095,4095,0,0,0,0,0,
3276,3276,3549,3549,3549,3822,3822,4095,4095,4095,0,0,0,0,0,0,0,0,0,0,0,0,0,0,0,4095,4095,4095,4095,4095,4095,0,0,0,0,0,
3003,3003,3276,3276,3276,3549,3549,3822,3822,3822,4095,4095,4095,0,0,0,0,0,0,0,0,0,0,0,0,4095,4095,4095,4095,4095,4095,0,0,0,0,0,
2730,2730,3003,3003,3003,3276,3276,3549,3549,3549,3822,3822,3822,4095,4095,4095,4095,0,0,0,0,0,0,0,0,4095,4095,4095,4095,4095,4095,0,0,0,0,0,
2457,2457,2730,2730,2730,3003,3003,3276,3276,3276,3549,3549,3549,3822,3822,3822,3822,4095,4095,4095,0,0,0,0,0,4095,4095,4095,4095,4095,4095,0,0,0,0,0,
2184,2184,2457,2457,2457,2730,2730,3003,3003,3003,3276,3276,3276,3549,3549,3549,3549,3822,3822,3822,0,0,0,0,0,4095,4095,4095,4095,4095,4095,0,0,0,0,0,
1911,1911,2184,2184,2184,2457,2457,2730,2730,2730,3003,3003,3003,3276,3276,3276,3276,3549,3549,3549,0,0,0,0,0,4095,4095,4095,4095,4095,4095,0,0,0,0,0,
1638,1638,1911,1911,1911,2184,2184,2457,2457,2457,2730,2730,2730,3003,3003,3003,3003,3276,3276,3276,0,0,0,0,0,4095,4095,4095,4095,4095,4095,0,0,0,0,0,
1365,1365,1638,1638,1638,1911,1911,2184,2184,2184,2457,2457,2457,2730,2730,2730,2730,3003,3003,3003,0,0,0,0,0,4095,4095,4095,4095,4095,4095,0,0,0,0,0,
1092,1092,1365,1365,1365,1638,1638,1911,1911,1911,2184,2184,2184,2457,2457,2457,2457,2730,2730,2730,0,0,0,0,0,4095,4095,4095,4095,4095,4095,0,0,0,0,0,
819,819,1092,1092,1092,1365,1365,1638,1638,1638,1911,1911,1911,2184,2184,2184,2184,2457,2457,2457,0,0,0,0,0,4095,4095,4095,4095,4095,4095,0,0,0,0,0,
546,546,819,819,819,1092,1092,1365,1365,1365,1638,1638,1638,1911,1911,1911,1911,2184,2184,2184,0,0,0,0,0,4095,4095,4095,4095,4095,4095,0,0,0,0,0,
273,273,546,546,546,819,819,1092,1092,1092,1365,1365,1365,1638,1638,1638,1638,1911,1911,1911,0,0,0,0,0,4095,4095,4095,4095,4095,4095,0,0,0,0,0,
0,0,273,273,273,546,546,819,819,819,1092,1092,1092,1365,1365,1365,1365,1638,1638,1638,0,0,0,0,0,4095,4095,4095,4095,4095,4095,0,0,0,0,0,
0,0,0,0,0,273,273,546,546,546,819,819,819,1092,1092,1092,1092,1365,1365,1365,0,0,0,0,0,4095,4095,4095,4095,4095,4095,0,0,0,0,0,
0,0,0,0,0,0,0,273,273,273,546,546,546,819,819,819,819,1092,1092,1092,0,0,0,0,0,4095,4095,4095,4095,4095,4095,0,0,0,0,0,
0,0,0,0,0,0,0,0,0,0,273,273,273,546,546,546,546,819,819,819,0,0,0,4095,4095,4095,4095,4095,4095,4095,4095,0,0,0,0,0,
0,0,0,0,0,0,0,0,0,0,0,0,0,273,273,273,273,546,546,546,0,0,0,4095,4095,4095,4095,4095,4095,4095,4095,0,0,0,0,0,
0,0,0,0,0,0,0,0,0,0,0,0,0,0,0,0,0,273,273,273,0,0,0,4095,4095,4095,4095,4095,4095,4095,4095,0,0,0,0,0,
0,0,0,0,0,0,0,0,0,0,0,0,0,0,0,0,0,0,0,0,0,0,0,4095,4095,4095,4095,4095,4095,4095,4095,0,0,0,0,0,
0,0,0,0,0,0,0,0,0,0,0,0,0,0,0,0,0,0,0,0,0,0,0,4095,4095,4095,4095,4095,4095,4095,4095,0,0,0,0,0,
0,0,0,0,0,0,0,0,0,0,0,0,0,0,0,0,0,0,0,0,0,0,0,4095,4095,4095,4095,4095,4095,4095,4095,0,0,0,0,0,
0,0,0,0,0,0,0,0,0,0,0,0,0,0,0,0,0,0,0,0,0,0,0,4095,4095,4095,4095,4095,4095,4095,4095,0,0,0,0,0,
0,0,0,0,0,0,0,0,0,0,0,0,0,0,0,0,0,0,0,0,0,0,0,4095,4095,4095,4095,4095,4095,4095,4095,0,0,0,0,0,
0,0,0,0,0,0,0,0,0,0,0,0,0,0,0,0,0,0,0,0,0,0,0,4095,4095,4095,4095,4095,4095,4095,4095,0,0,0,0,0,
0,0,0,0,0,0,0,0,0,0,0,0,0,0,0,0,0,0,0,0,0,0,0,4095,4095,4095,4095,4095,4095,4095,4095,0,0,0,0,0,
0,0,0,0,0,0,0,0,0,0,0,0,0,0,0,0,0,0,0,0,0,0,0,4095,4095,4095,4095,4095,4095,4095,4095,0,0,0,0,0,
0,0,0,0,0,0,0,0,0,0,0,0,0,0,0,0,0,0,0,0,0,0,0,4095,4095,4095,4095,4095,4095,4095,4095,0,0,0,0,0,
0,0,0,0,0,0,0,0,0,0,0,0,0,0,0,0,0,0,0,0,0,0,0,4095,4095,4095,4095,4095,4095,4095,4095,0,0,0,0,0,
0,0,0,0,0,0,0,0,0,0,0,0,0,0,0,0,0,0,0,0,0,0,0,4095,4095,4095,4095,4095,4095,4095,4095,0,0,0,0,0,
0,0,0,0,0,0,0,0,0,0,0,0,0,0,0,0,0,0,0,0,0,0,0,4095,4095,4095,4095,4095,4095,4095,4095,0,0,0,0,0,
0,0,0,0,0,0,0,0,0,0,0,0,0,0,0,0,0,0,0,0,0,0,0,4095,4095,4095,4095,4095,4095,4095,4095,4095,4095,4095,4095,4095,
0,0,0,0,0,0,0,0,0,0,0,0,0,0,0,0,0,0,0,0,0,0,0,4095,4095,4095,4095,4095,4095,4095,4095,3822,3822,3822,3822,3822,
0,0,0,0,0,0,0,0,0,0,0,0,0,0,0,0,0,0,0,0,0,0,0,4095,4095,4095,4095,4095,4095,4095,4095,3549,3549,3549,3549,3549,
0,0,0,0,0,0,0,0,0,0,0,0,0,0,0,0,0,0,0,0,0,0,0,0,0,0,0,0,0,0,0,3276,3276,3276,3276,3276,
0,0,0,0,0,0,0,0,0,0,0,0,0,0,0,0,0,0,0,0,0,0,0,0,0,0,0,0,0,0,0,3003,3003,3003,3003,3003,
0,0,0,0,0,0,0,0,0,0,0,0,0,0,0,0,0,0,0,0,0,0,0,0,0,0,0,0,0,0,0,2730,2730,2730,2730,2730,
0,0,0,0,0,0,0,0,0,0,0,0,0,0,0,0,0,0,0,0,0,0,0,0,0,0,0,0,0,0,0,2457,2457,2457,2457,2457,
0,0,0,0,0,0,0,0,0,0,0,0,0,0,0,0,0,0,0,0,0,0,0,0,0,0,0,0,0,0,0,2184,2184,2184,2184,2184,
0,0,0,0,0,0,0,0,0,0,0,0,0,0,0,0,0,0,0,0,0,0,0,0,0,0,0,0,0,0,0,1911,1911,1911,1911,1911,
0,0,0,0,0,0,0,0,0,0,0,0,0,0,0,0,0,0,0,0,0,0,0,0,0,0,0,0,0,0,0,1638,1638,1638,1638,1638,
0,0,0,0,0,0,0,0,0,0,0,0,0,0,0,0,0,0,0,0,0,0,0,0,0,0,0,0,0,0,0,1365,1365,1365,1365,1365,
0,0,0,0,0,0,0,0,0,0,0,0,0,0,0,0,0,0,0,0,0,0,0,0,0,0,0,0,0,0,0,1092,1092,1092,1092,1092,
0,0,0,0,0,0,0,0,0,0,0,0,0,0,0,0,0,0,0,0,0,0,0,0,0,0,0,0,0,0,0,819,819,819,819,819,
0,0,0,0,0,0,0,0,0,0,0,0,0,0,0,0,0,0,0,0,0,0,0,0,0,0,0,0,0,0,0,546,546,546,546,546,
0,0,0,0,0,0,0,0,0,0,0,0,0,0,0,0,0,0,0,0,0,0,0,0,0,0,0,0,0,0,0,273,273,273,273,273,
0,0,0,0,0,0,0,0,0,0,0,0,0,0,0,0,0,0,0,0,3276,3276,3276,3276,0,0,0,0,0,0,0,0,0,0,0,0,
0,0,0,0,0,0,0,0,0,0,0,0,0,0,0,0,0,0,0,0,3094,3094,3094,3094,0,0,0,0,0,0,0,0,0,0,0,0,
0,0,0,0,0,0,0,0,0,0,0,0,0,0,0,0,0,0,0,0,2912,2912,2912,2912,0,0,0,0,0,0,0,0,0,0,0,0,
0,0,0,0,0,0,0,0,0,0,0,0,0,0,0,0,0,0,0,0,2730,2730,2730,2730,0,0,0,0,0,0,0,0,0,0,0,0,
0,0,0,0,0,0,0,0,0,0,0,0,0,0,0,0,0,0,0,0,2548,2548,2548,2548,0,0,0,0,0,0,0,0,0,0,0,0,
0,0,0,0,0,0,0,0,0,0,0,0,0,0,0,0,0,0,0,0,2366,2366,2366,2366,0,0,0,0,0,0,0,0,0,0,0,0,
0,0,0,0,0,0,0,0,0,0,0,0,0,0,0,0,0,0,0,0,2184,2184,2184,2184,0,0,0,0,0,0,0,0,0,0,0,0,
0,0,0,0,0,0,0,0,0,0,0,0,0,0,0,0,0,0,0,0,2002,2002,2002,2002,0,0,0,0,0,0,0,0,0,0,0,0,
0,0,0,0,0,0,0,0,0,0,0,0,0,0,0,0,0,0,0,0,1820,1820,1820,1820,0,0,0,0,0,0,0,0,0,0,0,0,
0,0,0,0,0,0,0,0,0,0,0,0,0,0,0,0,0,0,0,0,1638,1638,1638,1638,0,0,0,0,0,0,0,0,0,0,0,0,
0,0,0,0,0,0,0,0,0,0,0,0,0,0,0,0,0,0,0,0,1456,1456,1456,1456,0,0,0,0,0,0,0,0,0,0,0,0,
0,0,0,0,0,0,0,0,0,0,0,0,0,0,0,0,0,0,0,0,1274,1274,1274,1274,0,0,0,0,0,0,0,0,0,0,0,0,
0,0,0,0,0,0,0,0,0,0,0,0,0,0,0,0,0,0,0,0,1092,1092,1092,1092,0,0,0,0,0,0,0,0,0,0,0,0,
0,0,0,0,0,0,0,0,0,0,0,0,0,0,0,0,0,0,0,0,910,910,910,910,0,0,0,0,0,0,0,0,0,0,0,0,
0,0,0,0,0,0,0,0,0,0,0,0,0,0,0,0,0,0,0,0,728,728,728,728,0,0,0,0,0,0,0,0,0,0,0,0,
0,0,0,0,0,0,0,0,0,0,0,0,0,0,0,0,0,0,0,0,546,546,546,546,0,0,0,0,0,0,0,0,0,0,0,0,
0,0,0,0,0,0,0,0,0,0,0,0,0,0,0,0,0,0,0,0,364,364,364,364,0,0,0,0,0,0,0,0,0,0,0,0,
4095,4095,4095,0,0,0,0,0,0,0,0,0,0,0,0,0,0,0,0,0,182,182,182,182,0,0,0,0,0,0,0,0,0,0,0,0,
3822,3822,3822,4095,4095,4095,0,0,0,0,0,0,0,0,0,0,0,0,0,0,0,0,0,0,3276,3276,3276,0,0,0,0,0,0,0,0,0,
3549,3549,3549,3822,3822,3822,4095,4095,0,0,0,0,0,0,0,0,0,0,0,0,0,0,0,0,3094,3094,3094,0,0,0,0,0,0,0,0,0,
3276,3276,3276,3549,3549,3549,3822,3822,4095,4095,4095,4095,0,0,0,0,0,0,0,0,0,0,0,0,2912,2912,2912,0,0,0,0,0,0,0,0,0,
3003,3003,3003,3276,3276,3276,3549,3549,3822,3822,3822,3822,4095,4095,4095,0,0,0,0,0,0,0,0,0,2730,2730,2730,0,0,0,0,0,0,0,0,0,
2730,2730,2730,3003,3003,3003,3276,3276,3549,3549,3549,3549,3822,3822,3822,4095,4095,4095,4095,0,0,0,0,0,2548,2548,2548,0,0,0,0,0,0,0,0,0,
2457,2457,2457,2730,2730,2730,3003,3003,3276,3276,3276,3276,3549,3549,3549,3822,3822,3822,3822,4095,0,0,0,0,2366,2366,2366,0,0,0,0,0,0,0,0,0,
2184,2184,2184,2457,2457,2457,2730,2730,3003,3003,3003,3003,3276,3276,3276,3549,3549,3549,3549,3822,0,0,0,0,2184,2184,2184,0,0,0,0,0,0,0,0,0,
1911,1911,1911,2184,2184,2184,2457,2457,2730,2730,2730,2730,3003,3003,3003,3276,3276,3276,3276,3549,0,0,0,0,2002,2002,2002,0,0,0,0,0,0,0,0,0,
1638,1638,1638,1911,1911,1911,2184,2184,2457,2457,2457,2457,2730,2730,2730,3003,3003,3003,3003,3276,0,0,0,0,1820,1820,1820,0,0,0,0,0,0,0,0,0,
1365,1365,1365,1638,1638,1638,1911,1911,2184,2184,2184,2184,2457,2457,2457,2730,2730,2730,2730,3003,0,0,0,0,1638,1638,1638,0,0,0,0,0,0,0,0,0,
1092,1092,1092,1365,1365,1365,1638,1638,1911,1911,1911,1911,2184,2184,2184,2457,2457,2457,2457,2730,0,0,0,0,1456,1456,1456,0,0,0,0,0,0,0,0,0,
819,819,819,1092,1092,1092,1365,1365,1638,1638,1638,1638,1911,1911,1911,2184,2184,2184,2184,2457,0,0,0,0,1274,1274,1274,0,0,0,0,0,0,0,0,0,
546,546,546,819,819,819,1092,1092,1365,1365,1365,1365,1638,1638,1638,1911,1911,1911,1911,2184,0,0,0,0,1092,1092,1092,0,0,0,0,0,0,0,0,0,
273,273,273,546,546,546,819,819,1092,1092,1092,1092,1365,1365,1365,1638,1638,1638,1638,1911,0,0,0,0,910,910,910,0,0,0,0,0,0,0,0,0,
0,0,0,273,273,273,546,546,819,819,819,819,1092,1092,1092,1365,1365,1365,1365,1638,0,0,0,0,728,728,728,0,0,0,0,0,0,0,0,0,
0,0,0,0,0,0,273,273,546,546,546,546,819,819,819,1092,1092,1092,1092,1365,0,0,0,0,546,546,546,3276,3276,3276,3276,0,0,0,0,0,
0,0,0,0,0,0,0,0,273,273,273,273,546,546,546,819,819,819,819,1092,0,0,0,0,364,364,364,3094,3094,3094,3094,0,0,0,0,0,
0,0,0,0,0,0,0,0,0,0,0,0,273,273,273,546,546,546,546,819,0,0,0,0,182,182,182,2912,2912,2912,2912,0,0,0,0,0,
0,0,0,0,0,0,0,0,0,0,0,0,0,0,0,273,273,273,273,546,0,0,0,0,0,0,0,2730,2730,2730,2730,0,0,0,0,0,
0,0,0,0,0,0,0,0,0,0,0,0,0,0,0,0,0,0,0,273,0,0,0,0,0,0,0,2548,2548,2548,2548,0,0,0,0,0,
0,0,0,0,0,0,0,0,0,0,0,0,0,0,0,0,0,0,0,0,0,0,0,0,0,0,0,2366,2366,2366,2366,0,0,0,0,0,
0,0,0,0,0,0,0,0,0,0,0,0,0,0,0,0,0,0,0,0,0,0,0,0,0,0,0,2184,2184,2184,2184,0,0,0,0,0,
0,0,0,0,0,0,0,0,0,0,0,0,0,0,0,0,0,0,0,0,0,0,0,0,0,0,0,2002,2002,2002,2002,0,0,0,0,0,
0,0,0,0,0,0,0,0,0,0,0,0,0,0,0,0,0,0,0,0,0,0,0,0,0,0,0,1820,1820,1820,1820,0,0,0,0,0,
0,0,0,0,0,0,0,0,0,0,0,0,0,0,0,0,0,0,0,0,0,0,0,0,0,0,0,1638,1638,1638,1638,0,0,0,0,0,
0,0,0,0,0,0,0,0,0,0,0,0,0,0,0,0,0,0,0,0,0,0,0,0,0,0,0,1456,1456,1456,1456,0,0,0,0,0,
0,0,0,0,0,0,0,0,0,0,0,0,0,0,0,0,0,0,0,0,0,0,0,0,0,0,0,1274,1274,1274,1274,0,0,0,0,0,
0,0,0,0,0,0,0,0,0,0,0,0,0,0,0,0,0,0,0,0,0,0,0,0,0,0,0,1092,1092,1092,1092,0,0,0,0,0,
0,0,0,0,0,0,0,0,0,0,0,0,0,0,0,0,0,0,0,0,0,0,0,0,0,0,0,910,910,910,910,0,0,0,0,0,
0,0,0,0,0,0,0,0,0,0,0,0,0,0,0,0,0,0,0,0,0,0,0,0,0,0,0,728,728,728,728,0,0,0,0,0,
0,0,0,0,0,0,0,0,0,0,0,0,0,0,0,0,0,0,0,0,0,0,0,0,0,0,0,546,546,546,546,0,0,0,0,0,
0,0,0,0,0,0,0,0,0,0,0,0,0,0,0,0,0,0,0,0,0,0,0,0,0,0,0,364,364,364,364,0,0,0,0,0,
0,0,0,0,0,0,0,0,0,0,0,0,0,0,0,0,0,0,0,0,0,0,0,0,0,0,0,182,182,182,182,0,0,0,0,0,
4095,4095,4095,4095,4095,4095,4095,4095,4095,4095,4095,4095,4095,4095,4095,4095,4095,4095,4095,4095,4095,4095,4095,4095,4095,4095,4095,4095,4095,4095,4095,4095,4095,4095,4095,4095,
4065,4064,4062,4061,4059,4057,4054,4052,4049,4046,4042,4037,4033,4026,4019,4008,3998,3978,3954,3924,4065,4062,4059,4056,4052,4047,4041,4030,4015,3990,3949,4065,4059,4049,4032,3995,
4035,4032,4029,4026,4023,4019,4014,4009,4003,3996,3989,3980,3971,3956,3943,3921,3900,3861,3813,3754,4035,4029,4023,4017,4009,3999,3987,3965,3934,3885,3803,4035,4023,4003,3969,3895,
4005,4001,3997,3992,3986,3981,3973,3966,3957,3947,3935,3922,3909,3887,3868,3834,3803,3744,3671,3583,4005,3996,3987,3978,3966,3950,3933,3900,3854,3780,3656,4005,3986,3957,3906,3795,
3975,3970,3964,3957,3950,3943,3933,3923,3911,3898,3882,3864,3847,3817,3792,3746,3705,3627,3530,3413,3975,3963,3951,3939,3923,3902,3879,3835,3774,3675,3510,3975,3950,3911,3843,3695,
3946,3939,3931,3923,3914,3905,3892,3879,3865,3848,3829,3807,3785,3748,3716,3659,3608,3510,3389,3242,3946,3930,3915,3900,3879,3854,3826,3770,3694,3570,3364,3944,3914,3865,3780,3596,
3916,3907,3898,3889,3878,3868,3852,3836,3819,3799,3776,3749,3723,3679,3640,3572,3510,3393,3248,3071,3916,3897,3879,3861,3836,3806,3772,3705,3613,3465,3218,3914,3878,3819,3717,3496,
3886,3876,3866,3854,3841,3830,3811,3793,3773,3750,3723,3691,3661,3609,3564,3485,3413,3276,3107,2901,3886,3864,3844,3822,3793,3758,3718,3640,3533,3360,3071,3884,3841,3773,3654,3396,
3856,3845,3833,3820,3805,3792,3771,3750,3727,3700,3670,3634,3599,3540,3488,3398,3315,3159,2965,2730,3856,3831,3808,3783,3750,3710,3664,3575,3453,3255,2925,3854,3805,3727,3591,3296,
3826,3814,3800,3785,3769,3754,3730,3707,3681,3651,3616,3576,3537,3470,3413,3311,3218,3042,2824,2559,3826,3798,3772,3744,3707,3661,3610,3510,3372,3150,2779,3824,3769,3681,3528,3196,
3796,3782,3767,3751,3733,3716,3690,3664,3635,3602,3563,3518,3475,3401,3337,3224,3120,2925,2683,2389,3796,3765,3736,3705,3664,3613,3556,3445,3292,3045,2633,3794,3733,3635,3465,3096,
3766,3751,3735,3716,3696,3678,3649,3621,3589,3552,3510,3461,3413,3332,3261,3137,3023,2808,2542,2218,3766,3732,3700,3666,3621,3565,3502,3380,3212,2940,2486,3764,3696,3589,3402,2996,
3736,3720,3702,3682,3660,3640,3608,3578,3543,3503,3457,3403,3350,3262,3185,3049,2925,2691,2401,2048,3736,3699,3664,3627,3578,3517,3448,3315,3131,2835,2340,3734,3660,3543,3339,2896,
3706,3689,3669,3648,3624,3602,3568,3535,3497,3454,3404,3345,3288,3193,3109,2962,2828,2574,2259,1877,3706,3666,3628,3588,3535,3469,3395,3250,3051,2730,2194,3704,3624,3497,3276,2797,
3677,3657,3636,3613,3588,3564,3527,3492,3451,3404,3350,3288,3226,3123,3033,2875,2730,2457,2118,1706,3677,3633,3592,3549,3492,3421,3341,3185,2971,2625,2048,3673,3588,3451,3213,2697,
3647,3626,3604,3579,3551,3526,3487,3448,3405,3355,3297,3230,3164,3054,2958,2788,2633,2340,1977,1536,3647,3600,3556,3510,3448,3372,3287,3120,2891,2520,1901,3643,3551,3405,3150,2597,
3617,3595,3571,3544,3515,3488,3446,3405,3359,3306,3244,3172,3102,2984,2882,2701,2535,2223,1836,1365,3617,3567,3520,3471,3405,3324,3233,3055,2810,2415,1755,3613,3515,3359,3087,2497,
3587,3564,3538,3510,3479,3450,3406,3362,3313,3256,3191,3115,3040,2915,2806,2614,2438,2106,1694,1194,3587,3534,3484,3432,3362,3276,3179,2990,2730,2310,1609,3583,3479,3313,3024,2397,
3557,3532,3505,3476,3443,3413,3365,3319,3267,3207,3138,3057,2978,2846,2730,2527,2340,1989,1553,1024,3557,3501,3448,3393,3319,3228,3125,2925,2650,2205,1463,3553,3443,3267,2961,2297,
3527,3501,3473,3441,3406,3375,3325,3276,3221,3158,3085,2999,2916,2776,2654,2440,2243,1872,1412,853,3527,3468,3413,3354,3276,3180,3071,2860,2569,2100,1316,3523,3406,3221,2898,2197,
3497,3470,3440,3407,3370,3337,3284,3233,3175,3108,3031,2941,2854,2707,2578,2352,2145,1755,1271,683,3497,3435,3377,3315,3233,3131,3017,2795,2489,1995,1170,3493,3370,3175,2835,2097,
3467,3439,3407,3372,3334,3299,3244,3190,3129,3059,2978,2884,2792,2637,2503,2265,2048,1638,1130,512,3467,3401,3341,3276,3190,3083,2963,2730,2409,1890,1024,3463,3334,3129,2772,1998,
3437,3407,3374,3338,3298,3261,3203,3147,3083,3010,2925,2826,2730,2568,2427,2178,1950,1521,988,341,3437,3368,3305,3237,3147,3035,2910,2665,2329,1785,878,3433,3298,3083,2709,1898,
3408,3376,3342,3304,3262,3223,3162,3104,3037,2960,2872,2768,2668,2499,2351,2091,1853,1404,847,171,3408,3335,3269,3198,3104,2987,2856,2600,2248,1680,731,3402,3262,3037,2646,1798,
3378,3345,3309,3269,3225,3185,3122,3060,2991,2911,2819,2711,2606,2429,2275,2004,1755,1287,706,0,3378,3302,3233,3159,3060,2939,2802,2535,2168,1575,585,3372,3225,2991,2583,1698,
3348,3314,3276,3235,3189,3147,3081,3017,2945,2862,2765,2653,2544,2360,2199,1917,1658,1170,565,0,3348,3269,3197,3120,3017,2891,2748,2470,2088,1470,439,3342,3189,2945,2520,1598,
3318,3282,3243,3200,3153,3109,3041,2974,2899,2812,2712,2595,2482,2290,2123,1830,1560,1053,424,0,3318,3236,3161,3081,2974,2842,2694,2405,2007,1365,293,3312,3153,2899,2457,1498,
3288,3251,3210,3166,3117,3071,3000,2931,2853,2763,2659,2538,2420,2221,2048,1743,1463,936,282,0,3288,3203,3125,3042,2931,2794,2640,2340,1927,1260,146,3282,3117,2853,2394,1398,
3258,3220,3178,3131,3080,3033,2960,2888,2807,2714,2606,2480,2358,2152,1972,1655,1365,819,141,0,3258,3170,3089,3003,2888,2746,2586,2275,1847,1155,0,3252,3080,2807,2331,1298,
3228,3188,3145,3097,3044,2995,2919,2845,2761,2664,2553,2422,2296,2082,1896,1568,1268,702,0,0,3228,3137,3053,2964,2845,2698,2532,2210,1766,1050,0,3222,3044,2761,2268,1199,
3198,3157,3112,3063,3008,2958,2879,2802,2715,2615,2500,2365,2234,2013,1820,1481,1170,585,0,0,3198,3104,3017,2925,2802,2650,2479,2145,1686,945,0,3192,3008,2715,2205,1099,
3168,3126,3079,3028,2972,2920,2838,2759,2669,2566,2446,2307,2172,1943,1744,1394,1073,468,0,0,3168,3071,2981,2886,2759,2602,2425,2080,1606,840,0,3162,2972,2669,2142,999,
3139,3095,3047,2994,2935,2882,2798,2716,2623,2516,2393,2249,2110,1874,1668,1307,975,351,0,0,3139,3038,2946,2847,2716,2553,2371,2015,1526,735,0,3131,2935,2623,2079,899,
3109,3063,3014,2959,2899,2844,2757,2673,2577,2467,2340,2192,2048,1805,1593,1220,878,234,0,0,3109,3005,2910,2808,2673,2505,2317,1950,1445,630,0,3101,2899,2577,2016,799,
3079,3032,2981,2925,2863,2806,2716,2629,2531,2418,2287,2134,1985,1735,1517,1133,780,117,0,0,3079,2972,2874,2769,2629,2457,2263,1885,1365,525,0,3071,2863,2531,1953,699,
3049,3001,2948,2891,2827,2768,2676,2586,2485,2368,2234,2076,1923,1666,1441,1046,683,0,0,0,3049,2939,2838,2730,2586,2409,2209,1820,1285,420,0,3041,2827,2485,1890,599,
3019,2970,2916,2856,2790,2730,2635,2543,2439,2319,2180,2019,1861,1596,1365,958,585,0,0,0,3019,2906,2802,2691,2543,2361,2155,1755,1204,315,0,3011,2790,2439,1827,499,
2989,2938,2883,2822,2754,2692,2595,2500,2393,2270,2127,1961,1799,1527,1289,871,488,0,0,0,2989,2873,2766,2652,2500,2312,2101,1690,1124,210,0,2981,2754,2393,1764,400,
2959,2907,2850,2787,2718,2654,2554,2457,2347,2220,2074,1903,1737,1458,1213,784,390,0,0,0,2959,2840,2730,2613,2457,2264,2048,1625,1044,105,0,2951,2718,2347,1701,300,
2929,2876,2817,2753,2682,2616,2514,2414,2301,2171,2021,1846,1675,1388,1138,697,293,0,0,0,2929,2807,2694,2574,2414,2216,1994,1560,964,0,0,2921,2682,2301,1638,200,
2899,2845,2785,2719,2645,2578,2473,2371,2255,2122,1968,1788,1613,1319,1062,610,195,0,0,0,2899,2774,2658,2535,2371,2168,1940,1495,883,0,0,2891,2645,2255,1575,100,
2869,2813,2752,2684,2609,2540,2433,2328,2209,2072,1915,1730,1551,1249,986,523,98,0,0,0,2869,2741,2622,2496,2328,2120,1886,1430,803,0,0,2860,2609,2209,1512,0,
2840,2782,2719,2650,2573,2503,2392,2285,2163,2023,1861,1673,1489,1180,910,436,0,0,0,0,2840,2708,2586,2457,2285,2072,1832,1365,723,0,0,2830,2573,2163,1449,0,
2810,2751,2686,2615,2537,2465,2352,2241,2117,1973,1808,1615,1427,1111,834,349,0,0,0,0,2810,2675,2550,2418,2241,2023,1778,1300,642,0,0,2800,2537,2117,1386,0,
2780,2720,2654,2581,2500,2427,2311,2198,2071,1924,1755,1557,1365,1041,758,261,0,0,0,0,2780,2642,2514,2379,2198,1975,1724,1235,562,0,0,2770,2500,2071,1323,0,
2750,2688,2621,2546,2464,2389,2270,2155,2024,1875,1702,1500,1303,972,683,174,0,0,0,0,2750,2609,2479,2340,2155,1927,1670,1170,482,0,0,2740,2464,2024,1260,0,
2720,2657,2588,2512,2428,2351,2230,2112,1978,1825,1649,1442,1241,902,607,87,0,0,0,0,2720,2576,2443,2301,2112,1879,1616,1105,401,0,0,2710,2428,1978,1197,0,
2690,2626,2555,2478,2392,2313,2189,2069,1932,1776,1595,1384,1179,833,531,0,0,0,0,0,2690,2543,2407,2262,2069,1831,1563,1040,321,0,0,2680,2392,1932,1134,0,
2660,2595,2523,2443,2356,2275,2149,2026,1886,1727,1542,1327,1117,763,455,0,0,0,0,0,2660,2510,2371,2223,2026,1783,1509,975,241,0,0,2650,2356,1886,1071,0,
2630,2563,2490,2409,2319,2237,2108,1983,1840,1677,1489,1269,1055,694,379,0,0,0,0,0,2630,2477,2335,2184,1983,1734,1455,910,161,0,0,2620,2319,1840,1008,0,
2600,2532,2457,2374,2283,2199,2068,1940,1794,1628,1436,1211,993,625,303,0,0,0,0,0,2600,2444,2299,2145,1940,1686,1401,845,80,0,0,2589,2283,1794,945,0,
2571,2501,2424,2340,2247,2161,2027,1897,1748,1579,1383,1154,931,555,228,0,0,0,0,0,2571,2411,2263,2106,1897,1638,1347,780,0,0,0,2559,2247,1748,882,0,
2541,2470,2391,2306,2211,2123,1987,1854,1702,1529,1330,1096,869,486,152,0,0,0,0,0,2541,2378,2227,2067,1854,1590,1293,715,0,0,0,2529,2211,1702,819,0,
2511,2438,2359,2271,2174,2085,1946,1810,1656,1480,1276,1038,807,416,76,0,0,0,0,0,2511,2345,2191,2028,1810,1542,1239,650,0,0,0,2499,2174,1656,756,0,
2481,2407,2326,2237,2138,2048,1906,1767,1610,1431,1223,980,745,347,0,0,0,0,0,0,2481,2312,2155,1989,1767,1493,1185,585,0,0,0,2469,2138,1610,693,0,
2451,2376,2293,2202,2102,2010,1865,1724,1564,1381,1170,923,683,278,0,0,0,0,0,0,2451,2279,2119,1950,1724,1445,1132,520,0,0,0,2439,2102,1564,630,0,
2421,2344,2260,2168,2066,1972,1825,1681,1518,1332,1117,865,620,208,0,0,0,0,0,0,2421,2246,2083,1911,1681,1397,1078,455,0,0,0,2409,2066,1518,567,0,
2391,2313,2228,2134,2029,1934,1784,1638,1472,1283,1064,807,558,139,0,0,0,0,0,0,2391,2213,2048,1872,1638,1349,1024,390,0,0,0,2379,2029,1472,504,0,
2361,2282,2195,2099,1993,1896,1743,1595,1426,1233,1010,750,496,69,0,0,0,0,0,0,2361,2180,2012,1833,1595,1301,970,325,0,0,0,2349,1993,1426,441,0,
2331,2251,2162,2065,1957,1858,1703,1552,1380,1184,957,692,434,0,0,0,0,0,0,0,2331,2147,1976,1794,1552,1253,916,260,0,0,0,2318,1957,1380,378,0,
2302,2219,2129,2030,1921,1820,1662,1509,1334,1135,904,634,372,0,0,0,0,0,0,0,2302,2114,1940,1755,1509,1204,862,195,0,0,0,2288,1921,1334,315,0,
2272,2188,2097,1996,1884,1782,1622,1466,1288,1085,851,577,310,0,0,0,0,0,0,0,2272,2081,1904,1716,1466,1156,808,130,0,0,0,2258,1884,1288,252,0,
2242,2157,2064,1961,1848,1744,1581,1422,1242,1036,798,519,248,0,0,0,0,0,0,0,2242,2048,1868,1677,1422,1108,754,65,0,0,0,2228,1848,1242,189,0,
2212,2126,2031,1927,1812,1706,1541,1379,1196,987,745,461,186,0,0,0,0,0,0,0,2212,2014,1832,1638,1379,1060,700,0,0,0,0,2198,1812,1196,126,0,
2182,2094,1998,1893,1776,1668,1500,1336,1150,937,691,404,124,0,0,0,0,0,0,0,2182,1981,1796,1599,1336,1012,647,0,0,0,0,2168,1776,1150,63,0,
2152,2063,1966,1858,1739,1630,1460,1293,1104,888,638,346,62,0,0,0,0,0,0,0,2152,1948,1760,1560,1293,964,593,0,0,0,0,2138,1739,1104,0,0,
2122,2032,1933,1824,1703,1593,1419,1250,1058,839,585,288,0,0,0,0,0,0,0,0,2122,1915,1724,1521,1250,915,539,0,0,0,0,2108,1703,1058,0,0,
2092,2001,1900,1789,1667,1555,1379,1207,1012,789,532,231,0,0,0,0,0,0,0,0,2092,1882,1688,1482,1207,867,485,0,0,0,0,2078,1667,1012,0,0,
2062,1969,1867,1755,1631,1517,1338,1164,966,740,479,173,0,0,0,0,0,0,0,0,2062,1849,1652,1443,1164,819,431,0,0,0,0,2048,1631,966,0,0,
2033,1938,1835,1721,1595,1479,1297,1121,920,691,425,115,0,0,0,0,0,0,0,0,2033,1816,1616,1404,1121,771,377,0,0,0,0,2017,1595,920,0,0,
2003,1907,1802,1686,1558,1441,1257,1078,874,641,372,58,0,0,0,0,0,0,0,0,2003,1783,1581,1365,1078,723,323,0,0,0,0,1987,1558,874,0,0,
1973,1876,1769,1652,1522,1403,1216,1035,828,592,319,0,0,0,0,0,0,0,0,0,1973,1750,1545,1326,1035,674,269,0,0,0,0,1957,1522,828,0,0,
1943,1844,1736,1617,1486,1365,1176,991,782,543,266,0,0,0,0,0,0,0,0,0,1943,1717,1509,1287,991,626,216,0,0,0,0,1927,1486,782,0,0,
1913,1813,1704,1583,1450,1327,1135,948,736,493,213,0,0,0,0,0,0,0,0,0,1913,1684,1473,1248,948,578,162,0,0,0,0,1897,1450,736,0,0,
1883,1782,1671,1549,1413,1289,1095,905,690,444,160,0,0,0,0,0,0,0,0,0,1883,1651,1437,1209,905,530,108,0,0,0,0,1867,1413,690,0,0,
1853,1751,1638,1514,1377,1251,1054,862,644,395,106,0,0,0,0,0,0,0,0,0,1853,1618,1401,1170,862,482,54,0,0,0,0,1837,1377,644,0,0,
1823,1719,1605,1480,1341,1213,1014,819,598,345,53,0,0,0,0,0,0,0,0,0,1823,1585,1365,1131,819,434,0,0,0,0,0,1807,1341,598,0,0,
1793,1688,1572,1445,1305,1175,973,776,552,296,0,0,0,0,0,0,0,0,0,0,1793,1552,1329,1092,776,385,0,0,0,0,0,1777,1305,552,0,0,
1764,1657,1540,1411,1268,1138,933,733,506,247,0,0,0,0,0,0,0,0,0,0,1764,1519,1293,1053,733,337,0,0,0,0,0,1746,1268,506,0,0,
1734,1625,1507,1376,1232,1100,892,690,460,197,0,0,0,0,0,0,0,0,0,0,1734,1486,1257,1014,690,289,0,0,0,0,0,1716,1232,460,0,0,
1704,1594,1474,1342,1196,1062,851,647,414,148,0,0,0,0,0,0,0,0,0,0,1704,1453,1221,975,647,241,0,0,0,0,0,1686,1196,414,0,0,
1674,1563,1441,1308,1160,1024,811,603,368,99,0,0,0,0,0,0,0,0,0,0,1674,1420,1185,936,603,193,0,0,0,0,0,1656,1160,368,0,0,
1644,1532,1409,1273,1123,986,770,560,322,49,0,0,0,0,0,0,0,0,0,0,1644,1387,1149,897,560,145,0,0,0,0,0,1626,1123,322,0,0,
1614,1500,1376,1239,1087,948,730,517,276,0,0,0,0,0,0,0,0,0,0,0,1614,1354,1114,858,517,96,0,0,0,0,0,1596,1087,276,0,0,
1584,1469,1343,1204,1051,910,689,474,230,0,0,0,0,0,0,0,0,0,0,0,1584,1321,1078,819,474,48,0,0,0,0,0,1566,1051,230,0,0,
1554,1438,1310,1170,1015,872,649,431,184,0,0,0,0,0,0,0,0,0,0,0,1554,1288,1042,780,431,0,0,0,0,0,0,1536,1015,184,0,0,
1524,1407,1278,1136,978,834,608,388,138,0,0,0,0,0,0,0,0,0,0,0,1524,1255,1006,741,388,0,0,0,0,0,0,1506,978,138,0,0,
1495,1375,1245,1101,942,796,568,345,92,0,0,0,0,0,0,0,0,0,0,0,1495,1222,970,702,345,0,0,0,0,0,0,1475,942,92,0,0,
1465,1344,1212,1067,906,758,527,302,46,0,0,0,0,0,0,0,0,0,0,0,1465,1189,934,663,302,0,0,0,0,0,0,1445,906,46,0,0,
1435,1313,1179,1032,870,720,487,259,0,0,0,0,0,0,0,0,0,0,0,0,1435,1156,898,624,259,0,0,0,0,0,0,1415,870,0,0,0,
1405,1282,1147,998,833,683,446,216,0,0,0,0,0,0,0,0,0,0,0,0,1405,1123,862,585,216,0,0,0,0,0,0,1385,833,0,0,0,
1375,1250,1114,964,797,645,405,172,0,0,0,0,0,0,0,0,0,0,0,0,1375,1090,826,546,172,0,0,0,0,0,0,1355,797,0,0,0,
1345,1219,1081,929,761,607,365,129,0,0,0,0,0,0,0,0,0,0,0,0,1345,1057,790,507,129,0,0,0,0,0,0,1325,761,0,0,0,
1315,1188,1048,895,725,569,324,86,0,0,0,0,0,0,0,0,0,0,0,0,1315,1024,754,468,86,0,0,0,0,0,0,1295,725,0,0,0,
1285,1157,1016,860,689,531,284,43,0,0,0,0,0,0,0,0,0,0,0,0,1285,991,718,429,43,0,0,0,0,0,0,1265,689,0,0,0,
1255,1125,983,826,652,493,243,0,0,0,0,0,0,0,0,0,0,0,0,0,1255,958,683,390,0,0,0,0,0,0,0,1235,652,0,0,0,
1226,1094,950,791,616,455,203,0,0,0,0,0,0,0,0,0,0,0,0,0,1226,925,647,351,0,0,0,0,0,0,0,1204,616,0,0,0,
1196,1063,917,757,580,417,162,0,0,0,0,0,0,0,0,0,0,0,0,0,1196,892,611,312,0,0,0,0,0,0,0,1174,580,0,0,0,
1166,1032,885,723,544,379,122,0,0,0,0,0,0,0,0,0,0,0,0,0,1166,859,575,273,0,0,0,0,0,0,0,1144,544,0,0,0,
1136,1000,852,688,507,341,81,0,0,0,0,0,0,0,0,0,0,0,0,0,1136,826,539,234,0,0,0,0,0,0,0,1114,507,0,0,0,
1106,969,819,654,471,303,41,0,0,0,0,0,0,0,0,0,0,0,0,0,1106,793,503,195,0,0,0,0,0,0,0,1084,471,0,0,0,
1076,938,786,619,435,265,0,0,0,0,0,0,0,0,0,0,0,0,0,0,1076,760,467,156,0,0,0,0,0,0,0,1054,435,0,0,0,
1046,907,753,585,399,228,0,0,0,0,0,0,0,0,0,0,0,0,0,0,1046,727,431,117,0,0,0,0,0,0,0,1024,399,0,0,0,
1016,875,721,551,362,190,0,0,0,0,0,0,0,0,0,0,0,0,0,0,1016,694,395,78,0,0,0,0,0,0,0,994,362,0,0,0,
986,844,688,516,326,152,0,0,0,0,0,0,0,0,0,0,0,0,0,0,986,660,359,39,0,0,0,0,0,0,0,964,326,0,0,0,
956,813,655,482,290,114,0,0,0,0,0,0,0,0,0,0,0,0,0,0,956,627,323,0,0,0,0,0,0,0,0,933,290,0,0,0,
927,781,622,447,254,76,0,0,0,0,0,0,0,0,0,0,0,0,0,0,927,594,287,0,0,0,0,0,0,0,0,903,254,0,0,0,
897,750,590,413,217,38,0,0,0,0,0,0,0,0,0,0,0,0,0,0,897,561,251,0,0,0,0,0,0,0,0,873,217,0,0,0,
867,719,557,379,181,0,0,0,0,0,0,0,0,0,0,0,0,0,0,0,867,528,216,0,0,0,0,0,0,0,0,843,181,0,0,0,
837,688,524,344,145,0,0,0,0,0,0,0,0,0,0,0,0,0,0,0,837,495,180,0,0,0,0,0,0,0,0,813,145,0,0,0,
807,656,491,310,109,0,0,0,0,0,0,0,0,0,0,0,0,0,0,0,807,462,144,0,0,0,0,0,0,0,0,783,109,0,0,0,
777,625,459,275,72,0,0,0,0,0,0,0,0,0,0,0,0,0,0,0,777,429,108,0,0,0,0,0,0,0,0,753,72,0,0,0,
747,594,426,241,36,0,0,0,0,0,0,0,0,0,0,0,0,0,0,0,747,396,72,0,0,0,0,0,0,0,0,723,36,0,0,0,
717,563,393,206,0,0,0,0,0,0,0,0,0,0,0,0,0,0,0,0,717,363,36,0,0,0,0,0,0,0,0,693,0,0,0,0,
687,531,360,172,0,0,0,0,0,0,0,0,0,0,0,0,0,0,0,0,687,330,0,0,0,0,0,0,0,0,0,662,0,0,0,0,
658,500,328,138,0,0,0,0,0,0,0,0,0,0,0,0,0,0,0,0,658,297,0,0,0,0,0,0,0,0,0,632,0,0,0,0,
628,469,295,103,0,0,0,0,0,0,0,0,0,0,0,0,0,0,0,0,628,264,0,0,0,0,0,0,0,0,0,602,0,0,0,0,
598,438,262,69,0,0,0,0,0,0,0,0,0,0,0,0,0,0,0,0,598,231,0,0,0,0,0,0,0,0,0,572,0,0,0,0,
568,406,229,34,0,0,0,0,0,0,0,0,0,0,0,0,0,0,0,0,568,198,0,0,0,0,0,0,0,0,0,542,0,0,0,0,
538,375,197,0,0,0,0,0,0,0,0,0,0,0,0,0,0,0,0,0,538,165,0,0,0,0,0,0,0,0,0,512,0,0,0,0,
508,344,164,0,0,0,0,0,0,0,0,0,0,0,0,0,0,0,0,0,508,132,0,0,0,0,0,0,0,0,0,482,0,0,0,0,
478,313,131,0,0,0,0,0,0,0,0,0,0,0,0,0,0,0,0,0,478,99,0,0,0,0,0,0,0,0,0,452,0,0,0,0,
448,281,98,0,0,0,0,0,0,0,0,0,0,0,0,0,0,0,0,0,448,66,0,0,0,0,0,0,0,0,0,422,0,0,0,0,
418,250,66,0,0,0,0,0,0,0,0,0,0,0,0,0,0,0,0,0,418,33,0,0,0,0,0,0,0,0,0,391,0,0,0,0,
389,219,33,0,0,0,0,0,0,0,0,0,0,0,0,0,0,0,0,0,389,0,0,0,0,0,0,0,0,0,0,361,0,0,0,0,
359,188,0,0,0,0,0,0,0,0,0,0,0,0,0,0,0,0,0,0,359,0,0,0,0,0,0,0,0,0,0,331,0,0,0,0,
329,156,0,0,0,0,0,0,0,0,0,0,0,0,0,0,0,0,0,0,329,0,0,0,0,0,0,0,0,0,0,301,0,0,0,0,
299,125,0,0,0,0,0,0,0,0,0,0,0,0,0,0,0,0,0,0,299,0,0,0,0,0,0,0,0,0,0,271,0,0,0,0,
269,94,0,0,0,0,0,0,0,0,0,0,0,0,0,0,0,0,0,0,269,0,0,0,0,0,0,0,0,0,0,241,0,0,0,0,
239,63,0,0,0,0,0,0,0,0,0,0,0,0,0,0,0,0,0,0,239,0,0,0,0,0,0,0,0,0,0,211,0,0,0,0,
209,31,0,0,0,0,0,0,0,0,0,0,0,0,0,0,0,0,0,0,209,0,0,0,0,0,0,0,0,0,0,181,0,0,0,0,
179,0,0,0,0,0,0,0,0,0,0,0,0,0,0,0,0,0,0,0,179,0,0,0,0,0,0,0,0,0,0,151,0,0,0,0,
149,0,0,0,0,0,0,0,0,0,0,0,0,0,0,0,0,0,0,0,149,0,0,0,0,0,0,0,0,0,0,120,0,0,0,0,
120,0,0,0,0,0,0,0,0,0,0,0,0,0,0,0,0,0,0,0,120,0,0,0,0,0,0,0,0,0,0,90,0,0,0,0,
90,0,0,0,0,0,0,0,0,0,0,0,0,0,0,0,0,0,0,0,90,0,0,0,0,0,0,0,0,0,0,60,0,0,0,0,
60,0,0,0,0,0,0,0,0,0,0,0,0,0,0,0,0,0,0,0,60,0,0,0,0,0,0,0,0,0,0,30,0,0,0,0,
30,0,0,0,0,0,0,0,0,0,0,0,0,0,0,0,0,0,0,0,30,0,0,0,0,0,0,0,0,0,0,0,0,0,0,0,
